# This file is brought to you by Roblox Corporation
# Generated by Roblox Studio

mtllib Destroyed truck.mtl

g Meshpart1

v -29.0982 14.7202 -45.9893 
v -29.02 14.7202 -46.9992 
v -28.4278 15.2902 -46.351 
v -37.3915 16.0557 -49.1178 
v -37.3937 18.5752 -45.57 
v -37.3937 23.6332 -46.094 
v -29.0982 18.6344 -45.9072 
v -29.4028 20.6065 -46.3272 
v -30.3081 22.3462 -46.0123 
v -30.6918 23.3511 -55.9311 
v -30.1577 23.6324 -55.1739 
v -28.9299 21.3965 -57.4686 
v -29.0197 14.7192 -57.2786 
v -28.2837 15.2892 -57.4373 
v -28.2839 15.2902 -46.8078 
v -36.9569 24.2762 -46.4113 
v -36.9566 24.2752 -57.0175 
v -37.3937 23.6332 -46.094 
v -37.3934 23.6322 -57.3473 
v -30.6918 23.3511 -55.9311 
v -31.579 23.735 -56.0232 
v -30.1577 23.6324 -55.1739 
v -30.8314 24.2756 -54.1863 
v -33.5569 24.2762 -46.4313 
v -36.9569 24.2762 -46.4113 
v -33.559 23.6332 -46.0579 
v -37.3937 23.6332 -46.094 
v -28.4352 18.3508 -46.29 
v -29.0982 18.6344 -45.9072 
v -28.4278 15.2902 -46.351 
v -29.0982 14.7202 -45.9893 
v -28.2913 18.3508 -46.7468 
v -28.2839 15.2902 -46.8078 
v -28.2911 18.3497 -57.1901 
v -28.2837 15.2892 -57.4373 
v -28.818 18.6342 -46.2731 
v -29.0982 18.6344 -45.9072 
v -28.4352 18.3508 -46.29 
v -28.6731 18.6342 -46.731 
v -28.2913 18.3508 -46.7468 
v -28.673 18.634 -49.7323 
v -38.2491 12.0159 -49.2316 
v -38.2492 12.0163 -45.472 
v -38.7705 11.8911 -49.2316 
v -38.7706 11.8915 -45.472 
v -37.3534 14.5415 -47.6487 
v -37.8971 13.6026 -45.4489 
v -38.2491 12.0159 -49.2316 
v -38.2492 12.0163 -45.472 
v -37.3535 14.5417 -45.4162 
v -36.6946 14.8199 -45.4057 
v -33.5558 14.5648 -47.821 
v -33.927 14.8368 -45.5272 
v -33.1857 14.2942 -45.5388 
v -31.5697 11.6533 -47.8662 
v -32.2127 12.3135 -45.5756 
v -31.5697 11.6536 -45.5766 
v -28.3778 11.6417 -57.2687 
v -27.9009 12.0827 -57.5427 
v -28.378 11.6428 -47.13 
v -27.9011 12.0838 -46.8562 
v -27.9009 12.0827 -57.5427 
v -27.8871 14.0455 -57.5164 
v -27.9011 12.0838 -46.8562 
v -27.8873 14.0466 -46.8257 
v -27.8871 14.0455 -57.5164 
v -28.3027 14.4389 -57.3642 
v -27.8873 14.0466 -46.8257 
v -28.3029 14.44 -46.9463 
v -28.3029 14.44 -46.9463 
v -28.3027 14.4389 -57.3642 
v -29.8385 14.4402 -45.5208 
v -29.8385 14.44 -46.9982 
v -29.8383 14.4389 -57.2913 
v -38.375 14.3763 -49.1917 
v -38.3751 14.3767 -45.4258 
v -37.3915 16.0557 -49.1178 
v -37.3937 16.0498 -45.593 
v -38.7705 11.8911 -49.2316 
v -38.7706 11.8915 -45.472 
v -29.1628 14.0468 -45.5577 
v -29.8385 14.4402 -45.5208 
v -29.8544 12.3621 -45.5618 
v -28.1898 14.0468 -45.9226 
v -28.5748 14.44 -46.2071 
v -29.111 14.4402 -45.7513 
v -28.5748 14.44 -46.2071 
v -28.1898 14.0468 -45.9226 
v -28.2014 12.084 -45.9583 
v -28.1898 14.0468 -45.9226 
v -29.1606 11.6428 -46.064 
v -28.2014 12.084 -45.9583 
v -29.8544 12.3621 -45.5618 
v -28.1898 14.0468 -45.9226 
v -28.2014 12.084 -45.9583 
v -28.2014 12.084 -45.9583 
v -29.1606 11.6428 -46.064 
v -28.3778 11.6417 -57.2687 
v -28.378 11.6428 -47.13 
v -31.5697 11.6533 -47.8662 
v -31.5697 11.6536 -45.5766 
v -29.1606 11.6428 -46.064 
v -29.111 14.4402 -45.7513 
v -28.5748 14.44 -46.2071 
v -29.1628 14.0468 -45.5577 
v -31.5697 11.6536 -45.5766 
v -29.0197 14.7192 -57.2786 
v -29.02 14.7202 -46.9992 
v -29.0197 14.4357 -57.2891 
v -29.02 14.4368 -47.0098 
v -29.8385 14.4402 -45.5208 
v -37.3937 16.0498 -45.593 
v -31.5695 11.6523 -56.5328 
v -31.5697 11.6533 -47.8662 
v -37.3185 12.0161 -47.7077 
v -38.7705 11.8911 -49.2316 
v -38.375 14.3763 -49.1917 
v -38.2491 12.0159 -49.2316 
v -37.3915 16.0557 -49.1178 
v -38.2491 12.0159 -49.2316 
v -38.375 14.3763 -49.1917 
v -31.5695 11.6523 -56.5328 
v -37.3915 16.0557 -49.1178 
v -37.3913 16.0551 -55.0538 
v -37.3185 12.0161 -47.7077 
v -32.7402 15.0491 -58.4558 
v -37.3934 16.0485 -58.5543 
v -31.4954 18.5739 -58.1621 
v -37.3934 18.5739 -58.2933 
v -29.098 14.7192 -58.2907 
v -28.4275 15.2892 -57.892 
v -29.098 14.7192 -58.2907 
v -37.3934 23.6322 -57.3473 
v -29.098 18.6332 -57.9717 
v -29.5125 21.6345 -58.2544 
v -33.4868 23.6322 -57.3726 
v -28.8178 18.6332 -57.6132 
v -29.098 18.6332 -57.9717 
v -29.1096 21.5181 -57.9075 
v -29.5125 21.6345 -58.2544 
v -28.6729 18.6332 -57.1595 
v -31.579 23.735 -56.0232 
v -30.6918 23.3511 -55.9311 
v -31.3485 23.1851 -56.4049 
v -37.3934 23.6322 -57.3473 
v -36.9566 24.2752 -57.0175 
v -33.4868 23.6322 -57.3726 
v -29.098 14.7192 -58.2907 
v -29.098 18.6332 -57.9717 
v -28.4275 15.2892 -57.892 
v -28.4349 18.3497 -57.6427 
v -28.4349 18.3497 -57.6427 
v -29.098 18.6332 -57.9717 
v -28.8178 18.6332 -57.6132 
v -28.2911 18.3497 -57.1901 
v -28.6729 18.6332 -57.1595 
v -38.7703 11.89 -58.9272 
v -38.2489 12.0148 -58.9272 
v -38.7704 11.8904 -55.1676 
v -38.249 12.0152 -55.1676 
v -38.2489 12.0148 -58.9272 
v -37.8968 13.6011 -58.9031 
v -38.249 12.0152 -55.1676 
v -37.3532 14.5404 -56.6326 
v -38.249 12.0152 -55.1676 
v -37.8968 13.6011 -58.9031 
v -37.3532 14.5402 -58.8714 
v -36.6943 14.8184 -58.8598 
v -33.9267 14.8353 -58.772 
v -33.5556 14.5639 -56.4876 
v -33.1854 14.2928 -58.7846 
v -32.2124 12.312 -58.8203 
v -31.5695 11.6523 -56.5328 
v -31.5695 11.6521 -58.8223 
v -29.8383 14.4387 -58.7771 
v -29.8541 12.3606 -58.834 
v -31.6361 12.3448 -58.8203 
v -29.8542 12.3608 -57.3439 
v -31.6361 12.345 -57.344 
v -31.6361 12.3448 -58.8203 
v -32.7402 15.0491 -58.4558 
v -31.6361 12.345 -57.344 
v -32.7402 15.0491 -57.2724 
v -37.3934 16.0485 -58.5543 
v -38.3748 14.3753 -58.8809 
v -37.3913 16.0551 -55.0538 
v -38.3749 14.3757 -55.1266 
v -38.7703 11.89 -58.9272 
v -38.7704 11.8904 -55.1676 
v -29.8541 12.3606 -58.834 
v -29.8383 14.4387 -58.7771 
v -29.1625 14.0453 -58.7728 
v -32.2124 12.312 -58.8203 
v -33.1854 14.2928 -58.7846 
v -31.9491 12.6419 -58.8172 
v -32.939 14.8353 -58.7635 
v -33.4794 15.4032 -58.7456 
v -34.2905 15.6433 -58.7361 
v -37.0941 15.6263 -58.8229 
v -36.6943 14.8184 -58.8598 
v -33.9267 14.8353 -58.772 
v -34.06 16.039 -58.4242 
v -33.3176 15.7418 -58.4315 
v -33.4794 15.4032 -58.7456 
v -32.7402 15.0491 -58.4558 
v -32.939 14.8353 -58.7635 
v -37.3934 16.0485 -58.5543 
v -34.2905 15.6433 -58.7361 
v -38.3748 14.3753 -58.8809 
v -37.3934 16.0485 -58.5543 
v -37.0941 15.6263 -58.8229 
v -31.6361 12.3448 -58.8203 
v -31.9491 12.6419 -58.8172 
v -32.939 14.8353 -58.7635 
v -31.6361 12.3448 -58.8203 
v -37.8968 13.6011 -58.9031 
v -38.2489 12.0148 -58.9272 
v -38.7703 11.89 -58.9272 
v -37.3532 14.5402 -58.8714 
v -29.1107 14.4389 -58.5508 
v -28.5745 14.4389 -58.1003 
v -28.1896 14.0455 -58.4175 
v -28.1896 14.0455 -58.4175 
v -28.5745 14.4389 -58.1003 
v -28.1896 14.0455 -58.4175 
v -28.2012 12.0827 -58.4405 
v -29.8541 12.3606 -58.834 
v -28.2012 12.0827 -58.4405 
v -29.1604 11.6417 -58.3358 
v -28.2012 12.0827 -58.4405 
v -28.1896 14.0455 -58.4175 
v -29.1604 11.6417 -58.3358 
v -28.2012 12.0827 -58.4405 
v -31.5695 11.6521 -58.8223 
v -29.1604 11.6417 -58.3358 
v -31.6361 12.3448 -58.8203 
v -31.5695 11.6521 -58.8223 
v -28.5745 14.4389 -58.1003 
v -29.1107 14.4389 -58.5508 
v -29.1625 14.0453 -58.7728 
v -29.1107 14.4389 -58.5508 
v -28.1896 14.0455 -58.4175 
v -29.8383 14.4387 -58.7771 
v -29.8541 12.3606 -58.834 
v -29.8383 14.4389 -57.2913 
v -29.8542 12.3608 -57.3439 
v -29.8542 12.3608 -57.3439 
v -31.6361 12.345 -57.344 
v -29.8383 14.4389 -57.2913 
v -32.7402 15.0491 -57.2724 
v -32.7402 15.0491 -57.2724 
v -32.7402 15.0491 -58.4558 
v -29.0197 14.7192 -57.2786 
v -29.098 14.7192 -58.2907 
v -37.3532 14.5404 -56.6326 
v -33.5556 14.5639 -56.4876 
v -37.3183 12.015 -56.6916 
v -31.5695 11.6523 -56.5328 
v -37.3183 12.015 -56.6916 
v -33.5556 14.5639 -56.4876 
v -29.0197 14.4357 -57.2891 
v -29.0197 14.7192 -57.2786 
v -29.8383 14.4387 -58.7771 
v -37.3934 16.0485 -58.5543 
v -37.3934 18.5739 -58.2933 
v -37.3183 12.015 -56.6916 
v -37.3532 14.5404 -56.6326 
v -37.3183 12.015 -56.6916 
v -38.7704 11.8904 -55.1676 
v -38.249 12.0152 -55.1676 
v -38.3749 14.3757 -55.1266 
v -37.3913 16.0551 -55.0538 
v -38.3749 14.3757 -55.1266 
v -38.249 12.0152 -55.1676 
v -37.3915 16.0557 -49.1178 
v -37.3185 12.0161 -47.7077 
v -37.3534 14.5415 -47.6487 
v -37.3934 23.6322 -57.3473 
v -37.3937 23.6332 -46.094 
v -37.3532 14.5404 -56.6326 
v -37.3913 16.0551 -55.0538 
v -38.249 12.0152 -55.1676 
v -37.3534 14.5415 -47.6487 
v -38.2491 12.0159 -49.2316 
v -37.3915 16.0557 -49.1178 
v -31.3485 23.1851 -56.4049 
v -29.1096 21.5181 -57.9075 
v -29.5125 21.6345 -58.2544 
v -31.3485 23.1851 -56.4049 
v -29.5125 21.6345 -58.2544 
v -33.4868 23.6322 -57.3726 
v -34.4587 24.0235 -56.5552 
v -33.4868 23.6322 -57.3726 
v -36.9566 24.2752 -57.0175 
v -29.6893 24.276 -49.7879 
v -29.0157 23.633 -49.9042 
v -37.0193 26.3173 -46.4263 
v -33.4437 25.3634 -46.4261 
v -37.0192 26.5743 -47.2026 
v -33.0101 25.5136 -47.2024 
v -36.9569 24.2762 -46.4113 
v -37.0193 26.3173 -46.4263 
v -37.0192 26.5743 -47.2026 
v -37.0192 27.3416 -51.0796 
v -31.579 23.735 -56.0232 
v -32.6398 24.5091 -55.9535 
v -30.8314 24.2756 -54.1863 
v -31.8931 25.2166 -55.2418 
v -30.8314 24.2756 -54.1863 
v -34.0833 25.7314 -56.6125 
v -32.9052 25.5836 -55.8362 
v -36.9566 24.2752 -57.0175 
v -37.0191 27.0747 -56.38 
v -37.019 26.8175 -57.1562 
v -33.4437 25.3634 -46.4261 
v -37.0193 26.3173 -46.4263 
v -36.9569 24.2762 -46.4113 
v -34.4587 24.0235 -56.5552 
v -30.8314 24.2756 -54.1863 
v -31.8931 25.2166 -55.2418 
v -29.6893 24.276 -49.7879 
v -31.8933 25.2172 -48.7199 
v -37.0192 27.3416 -51.0796 
v -37.019 26.8175 -57.1562 
v -37.0191 27.0747 -56.38 
v -34.0833 25.7314 -56.6125 
v -32.9052 25.5836 -55.8362 
v -36.9566 24.2752 -57.0175 
v -34.0833 25.7314 -56.6125 
v -34.4587 24.0235 -56.5552 
v -37.019 26.8175 -57.1562 
v -33.5569 24.2762 -46.4313 
v -31.3485 23.1851 -56.4049 
v -31.579 23.735 -56.0232 
v -28.9141 22.1533 -50.3207 
v -29.0157 23.633 -49.9042 
v -28.8179 20.7385 -49.5728 
v -28.7492 19.7476 -50.184 
v -28.673 18.634 -49.7323 
v -29.8269 22.5175 -46.8393 
v -30.0458 22.7713 -46.3877 
v -28.6731 18.6342 -46.731 
v -28.818 18.6342 -46.2731 
v -37.2423 12.8408 -50.0058 
v -63.5256 12.8408 -50.0095 
v -37.2423 14.1172 -49.9806 
v -63.5256 14.1172 -50.0097 
v -63.5256 12.8408 -49.6722 
v -63.5256 12.8408 -50.0095 
v -37.2423 12.8408 -49.6663 
v -37.2423 12.8408 -50.0058 
v -50.0059 12.8418 -50.0114 
v -50.5135 12.8418 -50.0114 
v -50.0058 12.8414 -54.3886 
v -50.5134 12.8414 -54.3886 
v -50.0059 14.1204 -50.0115 
v -50.0059 12.8418 -50.0114 
v -50.0058 14.12 -54.3887 
v -50.0058 12.8414 -54.3886 
v -50.5134 14.12 -54.3887 
v -50.5134 12.8414 -54.3886 
v -50.5135 14.1204 -50.0115 
v -50.5135 12.8418 -50.0114 
v -45.046 12.8418 -50.0113 
v -45.5536 12.8418 -50.0113 
v -45.0459 12.8414 -54.3885 
v -45.5535 12.8414 -54.3885 
v -45.046 14.1204 -50.0114 
v -45.046 12.8418 -50.0113 
v -45.0459 14.12 -54.3886 
v -45.0459 12.8414 -54.3885 
v -45.5535 14.12 -54.3886 
v -45.5535 12.8414 -54.3885 
v -45.5536 14.1204 -50.0114 
v -45.5536 12.8418 -50.0113 
v -37.366 12.8414 -54.3851 
v -37.3661 12.8418 -50.0079 
v -41.3688 12.8414 -54.3884 
v -41.3689 12.8418 -50.0112 
v -37.366 14.12 -54.3588 
v -41.3688 14.12 -54.3801 
v -37.3661 14.1204 -49.9827 
v -41.3689 14.1204 -50.0029 
v -39.1883 13.7792 -45.4818 
v -51.7256 11.9803 -45.4977 
v -39.0064 13.8057 -45.8604 
v -51.9074 11.9539 -45.8784 
v -39.0878 14.3704 -45.8456 
v -39.0064 13.8057 -45.8604 
v -51.9878 12.5197 -45.8785 
v -51.9074 11.9539 -45.8784 
v -51.9878 12.5197 -45.8785 
v -39.0064 13.8057 -45.8604 
v -38.9271 11.955 -45.4974 
v -51.4633 10.1561 -45.4975 
v -38.7452 11.9803 -45.8782 
v -51.6452 10.1296 -45.8782 
v -38.8256 12.5461 -45.8782 
v -38.7452 11.9803 -45.8782 
v -51.7266 10.6944 -45.8783 
v -51.6452 10.1296 -45.8782 
v -64.1906 11.8513 -55.0667 
v -64.1908 11.8519 -49.3337 
v -64.1906 14.1049 -55.0669 
v -64.1908 14.1056 -49.3339 
v -63.5063 12.378 -55.0667 
v -63.5066 12.3786 -49.3337 
v -64.1906 11.8513 -55.0667 
v -64.1908 11.8519 -49.3337 
v -63.5063 14.1049 -55.0669 
v -63.5066 14.1056 -49.3339 
v -63.5063 12.378 -55.0667 
v -63.5066 12.3786 -49.3337 
v -64.4256 11.7625 -45.9093 
v -64.4254 11.7612 -58.4921 
v -64.1453 11.7625 -45.9093 
v -64.1451 11.7612 -58.4921 
v -64.1453 11.7625 -45.9093 
v -64.1451 11.7612 -58.4921 
v -64.1453 12.3907 -45.9094 
v -64.1451 12.3894 -58.4921 
v -64.1453 12.3907 -45.9094 
v -64.1451 12.3894 -58.4921 
v -64.4256 12.3907 -45.9094 
v -64.4254 12.3894 -58.4921 
v -64.4256 12.3907 -45.9094 
v -64.4254 12.3894 -58.4921 
v -64.4256 11.7625 -45.9093 
v -64.4254 11.7612 -58.4921 
v -55.3127 11.7906 -48.4346 
v -55.5083 11.4975 -52.2005 
v -54.4889 11.7906 -48.4346 
v -54.2942 11.4975 -52.2005 
v -54.4889 11.7906 -48.4346 
v -54.2942 11.4975 -52.2005 
v -54.4889 12.7593 -48.4347 
v -54.2942 13.3186 -52.2006 
v -55.3127 12.7593 -48.4347 
v -55.5083 13.3186 -52.2007 
v -55.3127 11.7906 -48.4346 
v -55.5083 11.4975 -52.2005 
v -41.3689 12.8418 -50.0112 
v -41.3689 14.1204 -50.0029 
v -41.3688 12.8414 -54.3884 
v -41.3688 14.12 -54.3801 
v -37.2422 12.8401 -54.7235 
v -63.5254 12.8401 -54.7283 
v -37.2422 14.1166 -54.6962 
v -63.5254 14.1166 -54.7285 
v -37.2422 12.8403 -54.3862 
v -63.5254 12.8403 -54.391 
v -37.2422 12.8401 -54.7235 
v -63.5254 12.8401 -54.7283 
v -64.1906 11.8513 -55.0667 
v -64.1906 14.1049 -55.0669 
v -63.5063 12.378 -55.0667 
v -63.5063 14.1049 -55.0669 
v -64.1451 11.7612 -58.4921 
v -64.4254 11.7612 -58.4921 
v -64.1451 12.3894 -58.4921 
v -64.4254 12.3894 -58.4921 
v -54.4887 11.79 -55.9654 
v -55.3125 11.79 -55.9654 
v -54.4887 12.7587 -55.9655 
v -54.4887 11.79 -55.9654 
v -55.3125 11.79 -55.9654 
v -55.3125 12.7587 -55.9655 
v -53.7919 12.0186 -52.5696 
v -41.3466 13.4539 -52.2004 
v -53.7358 11.5956 -52.8159 
v -41.2906 13.0307 -52.4457 
v -53.7358 11.5956 -52.8159 
v -41.2906 13.0307 -52.4457 
v -53.7496 11.5945 -52.3242 
v -41.3054 13.0298 -51.9539 
v -53.7496 11.5945 -52.3242 
v -41.3054 13.0298 -51.9539 
v -53.7919 12.0186 -52.5696 
v -41.3466 13.4539 -52.2004 
v -48.4598 11.0529 -45.7619 
v -48.8152 11.0021 -45.7619 
v -48.6576 12.4287 -45.7621 
v -49.0129 12.378 -45.7621 
v -39.0275 13.651 -47.8559 
v -43.116 13.651 -47.8655 
v -39.0275 14.2644 -47.4869 
v -43.116 14.2644 -47.5113 
v -39.0276 13.651 -46.4388 
v -43.116 13.651 -46.4505 
v -39.0275 13.0377 -46.8015 
v -43.116 13.0377 -46.8037 
v -39.0275 13.0377 -46.8015 
v -43.116 13.0377 -46.8037 
v -39.0275 13.0377 -47.5101 
v -43.116 13.0377 -47.5123 
v -39.0275 13.0377 -47.5101 
v -43.116 13.0377 -47.5123 
v -39.0275 13.651 -47.8559 
v -43.116 13.651 -47.8655 
v -39.863 12.286 -45.7619 
v -40.2184 12.2352 -45.7619 
v -40.0608 13.6629 -45.7493 
v -40.4161 13.6121 -45.7514 
v -48.5834 11.364 -53.3626 
v -48.5834 11.9795 -53.1363 
v -48.5834 11.2117 -53.8733 
v -48.5834 11.6379 -54.2816 
v -48.5834 12.3211 -54.2817 
v -48.5834 12.7473 -53.8735 
v -48.5834 12.595 -53.3627 
v -48.5834 12.7473 -53.8735 
v -48.5834 12.595 -53.3627 
v -43.7303 12.7473 -53.8734 
v -43.7303 12.595 -53.3626 
v -48.5834 12.3211 -54.2817 
v -48.5834 12.7473 -53.8735 
v -43.7303 12.3211 -54.2816 
v -43.7303 12.7473 -53.8734 
v -48.5834 11.6379 -54.2816 
v -43.7303 11.6379 -54.2815 
v -48.5834 11.2117 -53.8733 
v -43.7303 11.2117 -53.8733 
v -48.5834 11.364 -53.3626 
v -48.5834 11.2117 -53.8733 
v -43.7303 11.364 -53.3625 
v -43.7303 11.2117 -53.8733 
v -48.5834 11.9795 -53.1363 
v -48.5834 11.364 -53.3626 
v -43.7303 11.9795 -53.1362 
v -43.7303 11.364 -53.3625 
v -43.7303 11.364 -53.3625 
v -43.7303 11.2117 -53.8733 
v -43.7303 11.9795 -53.1362 
v -43.7303 12.595 -53.3626 
v -43.7303 12.7473 -53.8734 
v -43.7303 12.3211 -54.2816 
v -43.7303 11.6379 -54.2815 
v -43.1212 12.3771 -53.0887 
v -42.6199 12.3845 -53.3721 
v -44.0307 12.5474 -53.4958 
v -43.799 12.6056 -53.9019 
v -43.0061 11.4693 -46.4884 
v -42.4953 11.4069 -46.2695 
v -43.3984 11.262 -46.096 
v -43.0325 11.4071 -45.7312 
v -43.0325 11.4071 -45.7312 
v -43.1266 10.8879 -45.8253 
v -42.4953 11.4069 -46.2695 
v -43.1266 10.8879 -45.8253 
v -43.3984 11.262 -46.096 
v -42.4953 11.4069 -46.2695 
v -43.0061 11.4693 -46.4884 
v -43.3984 11.262 -46.096 
v -43.1266 10.8879 -45.8253 
v -43.0325 11.4071 -45.7312 
v -41.905 11.5787 -54.3037 
v -42.3481 11.6176 -54.6178 
v -43.7811 11.5787 -53.4947 
v -43.9651 11.6178 -53.9209 
v -41.9049 11.1521 -58.0484 
v -42.3543 11.2398 -57.8633 
v -42.8641 11.1518 -58.8701 
v -43.1454 11.4683 -58.5413 
v -43.1454 11.4683 -58.5413 
v -43.1835 10.9353 -58.4979 
v -42.3543 11.2398 -57.8633 
v -43.1835 10.9353 -58.4979 
v -42.8641 11.1518 -58.8701 
v -42.3543 11.2398 -57.8633 
v -41.9049 11.1521 -58.0484 
v -42.8641 11.1518 -58.8701 
v -43.1835 10.9353 -58.4979 
v -43.1454 11.4683 -58.5413 
v -40.5145 12.8515 -46.2801 
v -41.3637 12.8515 -46.2802 
v -40.5144 12.8513 -49.6802 
v -41.3636 12.8513 -49.6802 
v -40.5145 14.7023 -46.255 
v -40.5145 12.8515 -46.2801 
v -40.5144 14.702 -49.6634 
v -40.5144 12.8513 -49.6802 
v -41.3636 14.702 -49.6698 
v -41.3636 12.8513 -49.6802 
v -41.3637 14.7023 -46.2624 
v -41.3637 12.8515 -46.2802 
v -56.5298 12.0706 -52.153 
v -55.8149 12.7716 -53.1492 
v -55.8149 11.7437 -53.3839 
v -53.8966 11.7439 -51.016 
v -55.815 11.7439 -51.0161 
v -53.8966 10.92 -51.6727 
v -55.815 10.92 -51.6727 
v -53.8966 10.92 -51.6727 
v -55.815 10.92 -51.6727 
v -53.8966 10.9198 -52.727 
v -55.8149 10.9198 -52.7271 
v -53.8966 10.9198 -52.727 
v -55.8149 10.9198 -52.7271 
v -53.8965 11.7437 -53.3839 
v -55.8149 11.7437 -53.3839 
v -53.8965 11.7437 -53.3839 
v -55.8149 11.7437 -53.3839 
v -53.8965 12.7716 -53.1492 
v -55.8149 12.7716 -53.1492 
v -53.8966 12.7718 -51.2509 
v -53.8966 11.7439 -51.016 
v -52.7311 11.7119 -52.6383 
v -53.8966 13.2287 -52.2006 
v -53.8966 10.92 -51.6727 
v -53.8966 10.9198 -52.727 
v -53.8965 11.7437 -53.3839 
v -53.8965 12.7716 -53.1492 
v -53.8965 11.7437 -53.3839 
v -55.8149 13.2287 -52.2007 
v -55.8149 10.9198 -52.7271 
v -55.815 10.92 -51.6727 
v -55.815 11.7439 -51.0161 
v -55.815 12.7718 -51.2509 
v -38.8138 11.7847 -54.7499 
v -47.7997 11.7847 -54.7501 
v -38.8137 11.7845 -58.151 
v -47.7997 11.7845 -58.1512 
v -47.7997 13.9546 -58.1514 
v -47.7997 13.9548 -54.7503 
v -38.8137 13.9546 -58.1184 
v -38.8138 13.9548 -54.7269 
v -38.8138 13.9548 -54.7269 
v -38.8138 11.7847 -54.7499 
v -38.8137 13.9546 -58.1184 
v -38.8137 11.7845 -58.151 
v -38.8137 13.9546 -58.1184 
v -38.8137 11.7845 -58.151 
v -47.7997 13.9546 -58.1514 
v -47.7997 11.7845 -58.1512 
v -47.7997 13.9546 -58.1514 
v -38.8137 11.7845 -58.151 
v -47.7997 13.9546 -58.1514 
v -47.7997 11.7845 -58.1512 
v -47.7997 13.9548 -54.7503 
v -47.7997 11.7847 -54.7501 
v -43.152 12.552 -48.6808 
v -43.152 11.2111 -48.4438 
v -43.6331 12.2951 -50.1381 
v -43.6331 10.9541 -49.9011 
v -43.6331 12.2951 -50.1381 
v -43.6331 10.9541 -49.9011 
v -44.8916 12.1352 -51.0391 
v -44.8916 10.7952 -50.8021 
v -44.8916 12.1352 -51.0391 
v -44.8916 10.7952 -50.8021 
v -46.4483 12.1352 -51.0392 
v -46.4483 10.7952 -50.8021 
v -46.4483 12.1352 -51.0392 
v -46.4483 10.7952 -50.8021 
v -47.7057 12.2951 -50.1382 
v -47.7057 10.9541 -49.9011 
v -47.7057 12.2951 -50.1382 
v -47.7057 10.9541 -49.9011 
v -48.1869 12.552 -48.6809 
v -48.1869 11.2111 -48.4439 
v -48.1869 12.552 -48.6809 
v -48.1869 11.2111 -48.4439 
v -47.7058 12.8092 -47.2236 
v -47.7058 11.4683 -46.9866 
v -47.7058 12.8092 -47.2236 
v -47.7058 11.4683 -46.9866 
v -46.4484 12.9679 -46.3226 
v -46.4484 11.6269 -46.0856 
v -44.8917 12.9679 -46.3226 
v -44.8917 11.6269 -46.0855 
v -43.6332 12.8092 -47.2235 
v -43.6332 11.4683 -46.9865 
v -43.6332 12.8092 -47.2235 
v -43.6332 11.4683 -46.9865 
v -43.152 12.552 -48.6808 
v -43.152 11.2111 -48.4438 
v -48.1869 11.2111 -48.4439 
v -47.7057 10.9541 -49.9011 
v -47.7058 11.4683 -46.9866 
v -46.4484 11.6269 -46.0856 
v -44.8917 11.6269 -46.0855 
v -43.6332 11.4683 -46.9865 
v -43.152 11.2111 -48.4438 
v -43.6331 10.9541 -49.9011 
v -44.8916 10.7952 -50.8021 
v -46.4483 10.7952 -50.8021 
v -51.9104 12.8663 -58.5215 
v -51.7263 12.8799 -58.9022 
v -38.9163 13.871 -58.5044 
v -39.0992 13.8571 -58.8862 
v -39.1436 14.426 -58.8714 
v -51.7707 13.4499 -58.9023 
v -38.9607 14.44 -58.4886 
v -51.9537 13.4353 -58.5216 
v -39.0992 13.8571 -58.8862 
v -51.7263 12.8799 -58.9022 
v -39.1436 14.426 -58.8714 
v -51.7707 13.4499 -58.9023 
v -38.9163 13.871 -58.5044 
v -39.0992 13.8571 -58.8862 
v -38.9607 14.44 -58.4886 
v -39.1436 14.426 -58.8714 
v -51.7263 12.8799 -58.9022 
v -51.9104 12.8663 -58.5215 
v -51.7707 13.4499 -58.9023 
v -51.9537 13.4353 -58.5216 
v -48.9915 11.2925 -58.902 
v -38.9554 11.9355 -58.9019 
v -48.8879 11.2991 -58.5213 
v -38.7714 11.9473 -58.5211 
v -49.2284 11.8488 -58.9021 
v -49.1248 11.8553 -58.5213 
v -38.9913 12.5055 -58.9019 
v -38.8084 12.5174 -58.5212 
v -49.2284 11.8488 -58.9021 
v -38.9913 12.5055 -58.9019 
v -48.9915 11.2925 -58.902 
v -38.9554 11.9355 -58.9019 
v -38.7714 11.9473 -58.5211 
v -38.9554 11.9355 -58.9019 
v -38.8084 12.5174 -58.5212 
v -38.9913 12.5055 -58.9019 
v -51.4027 10.4213 -57.7228 
v -51.425 10.4065 -57.3008 
v -51.5254 10.9786 -57.7091 
v -51.5476 10.9628 -57.2871 
v -39.8702 12.4114 -58.6375 
v -40.2276 12.383 -58.6376 
v -39.977 13.7968 -58.626 
v -40.3355 13.7695 -58.6271 
v -48.5294 11.7409 -58.6377 
v -48.8868 11.7134 -58.6377 
v -48.6362 13.1276 -58.6378 
v -48.9936 13.0999 -58.6378 
v -43.799 12.6056 -53.9019 
v -42.6199 12.3845 -53.3721 
v -44.0307 12.5474 -53.4958 
v -43.1212 12.3771 -53.0887 
v -42.4953 11.4069 -46.2695 
v -43.0061 11.4693 -46.4884 
v -43.9651 11.6178 -53.9209 
v -42.3481 11.6176 -54.6178 
v -43.7811 11.5787 -53.4947 
v -41.905 11.5787 -54.3037 
v -42.3543 11.2398 -57.8633 
v -41.9049 11.1521 -58.0484 
v -52.9459 10.6728 -49.2688 
v -52.4256 12.0497 -48.9855 
v -52.4605 9.92213 -46.5117 
v -51.9402 11.3001 -46.2284 
v -54.18 9.82145 -49.2825 
v -52.9459 10.6728 -49.2688 
v -53.6947 9.07187 -46.5254 
v -52.4605 9.92213 -46.5117 
v -55.6574 9.82145 -49.0224 
v -54.18 9.82145 -49.2825 
v -55.171 9.07187 -46.2653 
v -53.6947 9.07187 -46.5254 
v -56.8123 10.6728 -48.5868 
v -55.6574 9.82145 -49.0224 
v -56.3259 9.92235 -45.8307 
v -55.171 9.07187 -46.2653 
v -57.2046 12.0497 -48.1428 
v -56.8123 10.6728 -48.5868 
v -56.7182 11.3003 -45.3867 
v -56.3259 9.92235 -45.8307 
v -56.6843 13.4268 -47.8605 
v -57.2046 12.0497 -48.1428 
v -56.1979 12.6773 -45.1034 
v -56.7182 11.3003 -45.3867 
v -55.4502 14.2782 -47.8468 
v -56.6843 13.4268 -47.8605 
v -54.9638 13.5286 -45.0897 
v -56.1979 12.6773 -45.1034 
v -53.9728 14.278 -48.107 
v -55.4502 14.2782 -47.8468 
v -53.4874 13.5286 -45.3498 
v -54.9638 13.5286 -45.0897 
v -52.8179 13.4266 -48.5415 
v -53.9728 14.278 -48.107 
v -52.3326 12.6773 -45.7854 
v -53.4874 13.5286 -45.3498 
v -52.4256 12.0497 -48.9855 
v -52.8179 13.4266 -48.5415 
v -51.9402 11.3001 -46.2284 
v -52.3326 12.6773 -45.7854 
v -55.6574 9.82145 -49.0224 
v -56.8123 10.6728 -48.5868 
v -54.18 9.82145 -49.2825 
v -52.9459 10.6728 -49.2688 
v -52.4256 12.0497 -48.9855 
v -52.8179 13.4266 -48.5415 
v -53.9728 14.278 -48.107 
v -55.4502 14.2782 -47.8468 
v -56.6843 13.4268 -47.8605 
v -57.2046 12.0497 -48.1428 
v -32.7349 11.7453 -57.4042 
v -33.1178 12.2183 -56.1807 
v -33.362 10.4202 -57.0889 
v -33.7449 10.8932 -55.8654 
v -33.362 10.4202 -57.0889 
v -33.7449 10.8932 -55.8654 
v -34.63 9.62708 -57.1809 
v -35.014 10.099 -55.9574 
v -34.63 9.62708 -57.1809 
v -35.014 10.099 -55.9574 
v -36.0556 9.66726 -57.6431 
v -36.4395 10.1402 -56.4196 
v -36.0556 9.66726 -57.6431 
v -36.4395 10.1402 -56.4196 
v -37.0941 10.527 -58.2999 
v -37.477 10.9998 -57.0764 
v -37.0941 10.527 -58.2999 
v -37.477 10.9998 -57.0764 
v -37.3479 11.8773 -58.9008 
v -37.7318 12.3492 -57.6772 
v -37.3479 11.8773 -58.9008 
v -37.7318 12.3492 -57.6772 
v -36.7208 13.2014 -59.216 
v -37.1047 13.6743 -57.9925 
v -36.7208 13.2014 -59.216 
v -37.1047 13.6743 -57.9925 
v -35.4517 13.9956 -59.1251 
v -35.8356 14.4675 -57.9016 
v -35.4517 13.9956 -59.1251 
v -35.8356 14.4675 -57.9016 
v -34.0262 13.9554 -58.6619 
v -34.4101 14.4273 -57.4384 
v -34.0262 13.9554 -58.6619 
v -34.4101 14.4273 -57.4384 
v -32.9887 13.0958 -58.0051 
v -33.3716 13.5675 -56.7815 
v -32.9887 13.0958 -58.0051 
v -33.3716 13.5675 -56.7815 
v -32.7349 11.7453 -57.4042 
v -33.1178 12.2183 -56.1807 
v -37.0941 10.527 -58.2999 
v -37.3479 11.8773 -58.9008 
v -36.0556 9.66726 -57.6431 
v -34.63 9.62708 -57.1809 
v -33.362 10.4202 -57.0889 
v -32.7349 11.7453 -57.4042 
v -32.9887 13.0958 -58.0051 
v -34.0262 13.9554 -58.6619 
v -35.4517 13.9956 -59.1251 
v -36.7208 13.2014 -59.216 
v -33.2702 10.9427 -47.9877 
v -32.807 12.2826 -47.5003 
v -33.2703 10.4752 -46.7038 
v -32.8071 11.8151 -46.2164 
v -34.4832 10.1144 -48.2891 
v -33.2702 10.9427 -47.9877 
v -34.4832 9.64717 -47.0052 
v -33.2703 10.4752 -46.7038 
v -35.9828 10.1144 -48.2891 
v -34.4832 10.1144 -48.2891 
v -35.9829 9.64717 -47.0052 
v -34.4832 9.64717 -47.0052 
v -37.1958 10.9427 -47.9878 
v -35.9828 10.1144 -48.2891 
v -37.1959 10.4752 -46.7039 
v -35.9829 9.64717 -47.0052 
v -37.6591 12.2826 -47.5004 
v -37.1958 10.9427 -47.9878 
v -37.6591 11.8151 -46.2165 
v -37.1959 10.4752 -46.7039 
v -37.1959 13.6225 -47.013 
v -37.6591 12.2826 -47.5004 
v -37.1959 13.1532 -45.726 
v -37.6591 11.8151 -46.2165 
v -32.807 12.2826 -47.5003 
v -33.2702 13.6225 -47.013 
v -32.8071 11.8151 -46.2164 
v -33.2703 13.1532 -45.7259 
v -35.9828 10.1144 -48.2891 
v -37.1958 10.9427 -47.9878 
v -34.4832 10.1144 -48.2891 
v -33.2702 10.9427 -47.9877 
v -32.807 12.2826 -47.5003 
v -33.2702 13.6225 -47.013 
v -34.4833 14.4506 -46.7117 
v -35.9829 14.4506 -46.7117 
v -37.1959 13.6225 -47.013 
v -37.6591 12.2826 -47.5004 
v -52.3535 11.4355 -57.761 
v -53.1234 12.6603 -55.2505 
v -52.9732 10.1432 -57.3209 
v -53.7432 11.368 -54.8094 
v -52.9732 10.1432 -57.3209 
v -53.7432 11.368 -54.8094 
v -54.2412 9.34365 -57.3198 
v -55.0111 10.5685 -54.8094 
v -54.2412 9.34365 -57.3198 
v -55.0111 10.5685 -54.8094 
v -55.6752 9.34365 -57.7598 
v -56.4452 10.5685 -55.2483 
v -55.6752 9.34365 -57.7598 
v -56.4452 10.5685 -55.2483 
v -56.7254 10.1432 -58.4706 
v -57.4953 11.368 -55.9601 
v -56.7254 10.1432 -58.4706 
v -57.4953 11.368 -55.9601 
v -56.9918 11.4353 -59.1835 
v -57.7618 12.6601 -56.6719 
v -56.9918 11.4353 -59.1835 
v -57.7618 12.6601 -56.6719 
v -56.3721 12.7276 -59.6235 
v -57.1421 13.9524 -57.1131 
v -56.3721 12.7276 -59.6235 
v -57.1421 13.9524 -57.1131 
v -55.1031 13.526 -59.6247 
v -55.873 14.7509 -57.1131 
v -55.1031 13.526 -59.6247 
v -55.873 14.7509 -57.1131 
v -53.6701 13.526 -59.1847 
v -54.44 14.7509 -56.6742 
v -53.6701 13.526 -59.1847 
v -54.44 14.7509 -56.6742 
v -52.62 12.7278 -58.4729 
v -53.3899 13.9527 -55.9624 
v -52.62 12.7278 -58.4729 
v -53.3899 13.9527 -55.9624 
v -52.3535 11.4355 -57.761 
v -53.1234 12.6603 -55.2505 
v -56.7254 10.1432 -58.4706 
v -56.9918 11.4353 -59.1835 
v -55.6752 9.34365 -57.7598 
v -54.2412 9.34365 -57.3198 
v -52.9732 10.1432 -57.3209 
v -52.3535 11.4355 -57.761 
v -52.62 12.7278 -58.4729 
v -53.6701 13.526 -59.1847 
v -55.1031 13.526 -59.6247 
v -56.3721 12.7276 -59.6235 
v -28.6401 17.3207 -58.2444 
v -28.7564 17.4275 -58.0329 
v -30.826 18.0029 -58.585 
v -30.8112 18.0462 -58.3693 
v -28.7564 17.4275 -58.0329 
v -28.7088 17.5862 -58.181 
v -30.8112 18.0462 -58.3693 
v -30.7361 18.1911 -58.5163 
v -28.7088 17.5862 -58.181 
v -28.6401 17.3207 -58.2444 
v -30.7361 18.1911 -58.5163 
v -30.826 18.0029 -58.585 
v -26.6414 20.0177 -55.5521 
v -26.91 19.931 -55.55 
v -28.6401 17.3207 -58.2444 
v -28.7564 17.4275 -58.0329 
v -26.91 19.931 -55.55 
v -26.8582 20.0737 -55.7086 
v -28.7564 17.4275 -58.0329 
v -28.7088 17.5862 -58.181 
v -26.8582 20.0737 -55.7086 
v -26.6414 20.0177 -55.5521 
v -28.7088 17.5862 -58.181 
v -28.6401 17.3207 -58.2444 
v -28.951 21.6992 -55.0616 
v -29.0737 21.5226 -55.1092 
v -26.6414 20.0177 -55.5521 
v -26.91 19.931 -55.55 
v -29.0737 21.5226 -55.1092 
v -29.0346 21.6738 -55.2636 
v -26.91 19.931 -55.55 
v -26.8582 20.0737 -55.7086 
v -29.0346 21.6738 -55.2636 
v -28.951 21.6992 -55.0616 
v -26.8582 20.0737 -55.7086 
v -26.6414 20.0177 -55.5521 
v -27.8564 18.9811 -57.7189 
v -28.6073 18.6427 -56.8348 
v -26.7418 20.4291 -56.2163 
v -27.4927 20.0917 -55.3321 
v -27.4081 19.2224 -56.4203 
v -28.6073 18.6427 -56.8348 
v -27.8564 18.9811 -57.7189 
v -26.7418 20.4291 -56.2163 
v -27.4927 20.0917 -55.3321 
v -29.5614 19.0162 -45.8311 
v -27.9455 20.4363 -46.1273 
v -29.4642 18.8829 -45.6862 
v -27.7234 20.3739 -45.9993 
v -29.5604 19.0691 -45.6175 
v -27.9698 20.4746 -45.9094 
v -29.5614 19.0162 -45.8311 
v -27.9455 20.4363 -46.1273 
v -29.4642 18.8829 -45.6862 
v -27.7234 20.3739 -45.9993 
v -29.5604 19.0691 -45.6175 
v -27.9698 20.4746 -45.9094 
v -27.9455 20.4363 -46.1273 
v -29.3542 24.1504 -46.3847 
v -27.7234 20.3739 -45.9993 
v -29.24 24.3915 -46.2895 
v -27.9698 20.4746 -45.9094 
v -29.3616 24.1789 -46.1668 
v -27.9455 20.4363 -46.1273 
v -29.3542 24.1504 -46.3847 
v -27.7234 20.3739 -45.9993 
v -29.24 24.3915 -46.2895 
v -27.9698 20.4746 -45.9094 
v -29.3616 24.1789 -46.1668 
v -29.3542 24.1504 -46.3847 
v -31.9811 23.4619 -46.17 
v -29.24 24.3915 -46.2895 
v -32.0382 23.6576 -46.0875 
v -29.3616 24.1789 -46.1668 
v -32.0023 23.4875 -45.9532 
v -29.3542 24.1504 -46.3847 
v -31.9811 23.4619 -46.17 
v -29.24 24.3915 -46.2895 
v -32.0382 23.6576 -46.0875 
v -29.3616 24.1789 -46.1668 
v -32.0023 23.4875 -45.9532 
v -28.5378 21.972 -45.3417 
v -29.1056 21.6747 -46.3665 
v -28.8804 23.0378 -46.1741 
v -29.3478 24.1866 -45.5355 
v -29.9147 23.8892 -46.5602 
v -28.1708 20.9674 -45.2538 
v -28.7387 20.67 -46.2786 
v -28.2459 21.3003 -46.0216 
v -28.4447 21.7161 -45.3195 
v -28.1708 20.9674 -45.2538 
v -28.2459 21.3003 -46.0216 
v -29.0126 21.4198 -46.3442 
v -28.4447 21.7161 -45.3195 
v -28.2459 21.3003 -46.0216 
v -28.7387 20.67 -46.2786 
v -29.0126 21.4198 -46.3442 
v -28.2459 21.3003 -46.0216 
v -51.425 10.4065 -57.3008 
v -51.4027 10.4213 -57.7228 
v -51.5476 10.9628 -57.2871 
v -51.5254 10.9786 -57.7091 
v -51.5254 10.9786 -57.7091 
v -51.4027 10.4213 -57.7228 
v -60.8257 11.5833 -48.4347 
v -61.0203 11.2902 -52.2006 
v -60.0019 11.5833 -48.4347 
v -59.8061 11.2902 -52.2006 
v -60.0019 11.5833 -48.4347 
v -59.8061 11.2902 -52.2006 
v -60.0019 12.552 -48.4348 
v -59.8061 13.1123 -52.2007 
v -60.8257 12.552 -48.4348 
v -61.0203 13.1123 -52.2008 
v -60.8257 11.5833 -48.4347 
v -61.0203 11.2902 -52.2006 
v -60.0017 11.5827 -55.9655 
v -60.8255 11.5827 -55.9655 
v -60.0017 12.5514 -55.9655 
v -60.0017 11.5827 -55.9655 
v -60.8255 11.5827 -55.9655 
v -60.8255 12.5514 -55.9656 
v -58.3764 10.5565 -48.4514 
v -57.9502 11.9926 -48.3881 
v -58.6472 10.5093 -45.5665 
v -58.2221 11.9454 -45.5031 
v -59.5609 9.64696 -48.5783 
v -58.3764 10.5565 -48.4514 
v -59.8327 9.5998 -45.6933 
v -58.6472 10.5093 -45.5665 
v -61.053 9.61206 -48.719 
v -59.5609 9.64696 -48.5783 
v -61.3248 9.5649 -45.834 
v -59.8327 9.5998 -45.6933 
v -62.283 10.4634 -48.8206 
v -61.053 9.61206 -48.719 
v -62.5537 10.4173 -45.9356 
v -61.3248 9.5649 -45.834 
v -62.78 11.8784 -48.844 
v -62.283 10.4634 -48.8206 
v -63.0508 11.8312 -45.959 
v -62.5537 10.4173 -45.9356 
v -62.3538 13.3145 -48.7796 
v -62.78 11.8784 -48.844 
v -62.6256 13.2674 -45.8957 
v -63.0508 11.8312 -45.959 
v -61.1694 14.224 -48.6539 
v -62.3538 13.3145 -48.7796 
v -61.4401 14.1769 -45.7689 
v -62.6256 13.2674 -45.8957 
v -59.6772 14.26 -48.5132 
v -61.1694 14.224 -48.6539 
v -59.948 14.2128 -45.6282 
v -61.4401 14.1769 -45.7689 
v -58.4473 13.4076 -48.4115 
v -59.6772 14.26 -48.5132 
v -58.7191 13.3604 -45.5266 
v -59.948 14.2128 -45.6282 
v -57.9502 11.9926 -48.3881 
v -58.4473 13.4076 -48.4115 
v -58.2221 11.9454 -45.5031 
v -58.7191 13.3604 -45.5266 
v -61.053 9.61206 -48.719 
v -62.283 10.4634 -48.8206 
v -59.5609 9.64696 -48.5783 
v -58.3764 10.5565 -48.4514 
v -57.9502 11.9926 -48.3881 
v -58.4473 13.4076 -48.4115 
v -59.6772 14.26 -48.5132 
v -61.1694 14.224 -48.6539 
v -62.3538 13.3145 -48.7796 
v -62.78 11.8784 -48.844 
v -58.4217 11.7324 -59.1814 
v -57.7417 12.158 -56.3969 
v -58.7125 10.2899 -58.8894 
v -58.0336 10.7166 -56.1049 
v -58.7125 10.2899 -58.8894 
v -58.0336 10.7166 -56.1049 
v -59.788 9.32991 -58.4801 
v -59.1081 9.75525 -55.6956 
v -59.788 9.32991 -58.4801 
v -59.1081 9.75525 -55.6956 
v -61.2368 9.21569 -58.1089 
v -60.5568 9.6421 -55.3244 
v -61.2368 9.21569 -58.1089 
v -60.5568 9.6421 -55.3244 
v -62.5048 9.99299 -57.9186 
v -61.8248 10.4183 -55.1341 
v -62.5048 9.99299 -57.9186 
v -61.8248 10.4183 -55.1341 
v -63.1076 11.3636 -57.9812 
v -62.4276 11.79 -55.1967 
v -63.1076 11.3636 -57.9812 
v -62.4276 11.79 -55.1967 
v -62.8168 12.805 -58.2732 
v -62.1368 13.2314 -55.4887 
v -62.8168 12.805 -58.2732 
v -62.1368 13.2314 -55.4887 
v -61.7413 13.7661 -58.6826 
v -61.0613 14.1927 -55.8981 
v -61.7413 13.7661 -58.6826 
v -61.0613 14.1927 -55.8981 
v -60.2925 13.8803 -59.0537 
v -59.6136 14.3069 -56.2692 
v -60.2925 13.8803 -59.0537 
v -59.6136 14.3069 -56.2692 
v -59.0245 13.103 -59.244 
v -58.3456 13.5296 -56.4595 
v -59.0245 13.103 -59.244 
v -58.3456 13.5296 -56.4595 
v -58.4217 11.7324 -59.1814 
v -57.7417 12.158 -56.3969 
v -62.5048 9.99299 -57.9186 
v -63.1076 11.3636 -57.9812 
v -61.2368 9.21569 -58.1089 
v -59.788 9.32991 -58.4801 
v -58.7125 10.2899 -58.8894 
v -58.4217 11.7324 -59.1814 
v -59.0245 13.103 -59.244 
v -60.2925 13.8803 -59.0537 
v -61.7413 13.7661 -58.6826 
v -62.8168 12.805 -58.2732 
v -50.9723 22.2677 -59.3547 
v -39.0558 21.5465 -58.8806 
v -39.0558 14.1521 -58.8799 
v -39.0558 14.1521 -58.8799 
v -39.0561 14.1536 -45.5199 
v -53.0324 14.6989 -58.8802 
v -41.2566 26.4463 -58.2783 
v -39.0559 27.0789 -55.6546 
v -39.0558 21.5465 -58.8806 
v -65.775 14.1536 -45.5204 
v -65.775 27.08 -45.5217 
v -65.7748 14.1521 -58.8804 
v -39.0559 27.0789 -55.6546 
v -39.0561 27.08 -45.5212 
v -39.0558 21.5465 -58.8806 
v -39.0558 14.1521 -58.8799 
v -39.0561 14.1536 -45.5199 
v -65.7748 14.1521 -58.8804 
v -65.7748 21.7802 -58.8812 
v -56.7539 21.7252 -59.5473 
v -41.2566 26.4463 -58.2783 
v -44.7962 26.3805 -58.8051 
v -49.7508 25.8594 -58.2975 
v -54.6262 24.8314 -57.0411 
v -58.7316 26.3236 -57.4898 
v -64.7394 26.3427 -58.4079 
v -53.0324 14.6989 -58.8802 
v -39.0559 27.0789 -55.6546 
v -41.2566 26.4463 -58.2783 
v -44.7962 26.3805 -58.8051 
v -39.0561 27.08 -45.5212 
v -47.2796 26.9891 -45.5213 
v -49.7508 25.8594 -58.2975 
v -56.0869 27.5073 -45.5216 
v -54.6262 24.8314 -57.0411 
v -65.775 27.08 -45.5217 
v -58.7316 26.3236 -57.4898 
v -65.7748 27.0789 -54.5363 
v -64.7394 26.3427 -58.4079 
v -65.7748 21.7802 -58.8812 
v -65.7748 27.0789 -54.5363 
v -64.7394 26.3427 -58.4079 
v -65.7748 14.1521 -58.8804 
v -65.775 14.1536 -45.5204 
v -33.559 23.6332 -46.0579 
v -30.3081 22.3462 -46.0123 
v -33.3855 18.6344 -45.9073 
v -29.0982 18.6344 -45.9072 
v -30.7279 23.6332 -46.0484 
v -33.3855 18.6338 -50.3764 
v -33.3855 18.6344 -45.9073 
v -28.673 18.634 -49.7323 
v -29.0982 18.6344 -45.9072 
v -33.5621 25.0965 -50.5146 
v -33.559 23.6332 -46.0579 
v -33.3855 18.6338 -50.3764 
v -33.3855 18.6344 -45.9073 
v -28.6731 18.6342 -46.731 
v -33.4437 25.3634 -46.4261 
v -33.5569 24.2762 -46.4313 
v -33.5621 25.0965 -50.5146 
v -33.5569 24.2762 -46.4313 
v -33.559 23.6332 -46.0579 
v -33.5621 25.0965 -50.5146 
v -30.3081 22.3462 -46.0123 
v -29.4028 20.6065 -46.3272 
v -29.0982 18.6344 -45.9072 
v -29.8269 22.5175 -46.8393 
v -28.6731 18.6342 -46.731 
v -62.0683 12.0706 -52.1531 
v -61.3534 12.7716 -53.1494 
v -61.3534 11.7437 -53.384 
v -59.4339 11.7439 -51.0161 
v -61.3534 11.7439 -51.0162 
v -59.4339 10.92 -51.6728 
v -61.3534 10.92 -51.6728 
v -59.4339 10.92 -51.6728 
v -61.3534 10.92 -51.6728 
v -59.4339 10.9198 -52.7272 
v -61.3534 10.9198 -52.7272 
v -59.4339 10.9198 -52.7272 
v -61.3534 10.9198 -52.7272 
v -59.4339 11.7437 -53.384 
v -61.3534 11.7437 -53.384 
v -59.4339 11.7437 -53.384 
v -61.3534 11.7437 -53.384 
v -59.4339 12.7716 -53.1493 
v -61.3534 12.7716 -53.1494 
v -59.4339 12.7718 -51.251 
v -59.4339 11.7439 -51.0161 
v -58.5233 11.7119 -52.3307 
v -59.4339 13.2287 -52.2007 
v -59.4339 10.92 -51.6728 
v -59.4339 10.9198 -52.7272 
v -59.4339 11.7437 -53.384 
v -59.4339 12.7716 -53.1493 
v -61.3534 13.2287 -52.2008 
v -61.3534 10.9198 -52.7272 
v -61.3534 10.92 -51.6728 
v -61.3534 11.7439 -51.0162 
v -61.3534 12.7718 -51.2511 
v -39.0561 27.08 -45.5212 
v -47.2796 26.9891 -45.5213 
v -39.0561 14.1536 -45.5199 
v -65.775 14.1536 -45.5204 
v -65.775 27.08 -45.5217 
v -56.0869 27.5073 -45.5216 
v -39.0064 13.8057 -45.8604 
v -39.0878 14.3704 -45.8456 
v -39.1883 13.7792 -45.4818 
v -51.7256 11.9803 -45.4977 
v -39.1883 13.7792 -45.4818 
v -51.9074 11.9539 -45.8784 
v -39.1883 13.7792 -45.4818 
v -39.0878 14.3704 -45.8456 
v -51.9074 11.9539 -45.8784 
v -51.9074 11.9539 -45.8784 
v -39.0878 14.3704 -45.8456 
v -51.9878 12.5197 -45.8785 
v -38.7452 11.9803 -45.8782 
v -38.8256 12.5461 -45.8782 
v -38.9271 11.955 -45.4974 
v -51.4633 10.1561 -45.4975 
v -38.9271 11.955 -45.4974 
v -51.6452 10.1296 -45.8782 
v -38.9271 11.955 -45.4974 
v -38.8256 12.5461 -45.8782 
v -51.6452 10.1296 -45.8782 
v -51.6452 10.1296 -45.8782 
v -38.8256 12.5461 -45.8782 
v -51.7266 10.6944 -45.8783 
v -52.3326 12.6773 -45.7854 
v -53.4874 13.5286 -45.3498 
v -51.9402 11.3001 -46.2284 
v -52.4605 9.92213 -46.5117 
v -53.6947 9.07187 -46.5254 
v -55.171 9.07187 -46.2653 
v -56.3259 9.92235 -45.8307 
v -56.7182 11.3003 -45.3867 
v -56.1979 12.6773 -45.1034 
v -54.9638 13.5286 -45.0897 
v -58.7191 13.3604 -45.5266 
v -59.948 14.2128 -45.6282 
v -58.2221 11.9454 -45.5031 
v -58.6472 10.5093 -45.5665 
v -59.8327 9.5998 -45.6933 
v -61.3248 9.5649 -45.834 
v -62.5537 10.4173 -45.9356 
v -63.0508 11.8312 -45.959 
v -62.6256 13.2674 -45.8957 
v -61.4401 14.1769 -45.7689 
v -38.3751 14.3767 -45.4258 
v -37.3535 14.5417 -45.4162 
v -37.3937 16.0498 -45.593 
v -36.6946 14.8199 -45.4057 
v -37.3937 16.0498 -45.593 
v -37.3535 14.5417 -45.4162 
v -37.8971 13.6026 -45.4489 
v -37.3535 14.5417 -45.4162 
v -38.3751 14.3767 -45.4258 
v -38.3751 14.3767 -45.4258 
v -38.7706 11.8915 -45.472 
v -37.8971 13.6026 -45.4489 
v -38.2492 12.0163 -45.472 
v -32.2127 12.3135 -45.5756 
v -31.5697 11.6536 -45.5766 
v -33.1857 14.2942 -45.5388 
v -33.1857 14.2942 -45.5388 
v -31.5697 11.6536 -45.5766 
v -29.8385 14.4402 -45.5208 
v -29.8544 12.3621 -45.5618 
v -37.3937 16.0498 -45.593 
v -33.559 23.6332 -46.0579 
v -37.3937 18.5752 -45.57 
v -37.3937 23.6332 -46.094 
v -37.3937 18.5752 -45.57 
v -33.559 23.6332 -46.0579 
v -29.0982 18.6344 -45.9072 
v -30.7279 23.6332 -46.0484 
v -33.3855 18.6344 -45.9073 
v -33.559 23.6332 -46.0579 
v -33.3855 18.6344 -45.9073 
v -29.8385 14.4402 -45.5208 
v -29.0982 18.6344 -45.9072 
v -29.0982 14.7202 -45.9893 
v -29.0982 18.6344 -45.9072 
v -29.8385 14.4402 -45.5208 
v -33.927 14.8368 -45.5272 
v -33.1857 14.2942 -45.5388 
v -29.8385 14.4402 -45.5208 
v -33.927 14.8368 -45.5272 
v -33.3855 18.6344 -45.9073 
v -37.3937 16.0498 -45.593 
v -33.927 14.8368 -45.5272 
v -36.6946 14.8199 -45.4057 
v -33.927 14.8368 -45.5272 
v -37.3937 16.0498 -45.593 
v -37.3937 16.0498 -45.593 
v -33.3855 18.6344 -45.9073 
v -33.559 23.6332 -46.0579 
v -29.02 14.7202 -46.9992 
v -29.0982 14.7202 -45.9893 
v -29.02 14.4368 -47.0098 
v -29.8385 14.4402 -45.5208 
v -29.02 14.4368 -47.0098 
v -29.0982 14.7202 -45.9893 
v -31.5697 11.6533 -47.8662 
v -33.5558 14.5648 -47.821 
v -37.3185 12.0161 -47.7077 
v -37.3534 14.5415 -47.6487 
v -37.3185 12.0161 -47.7077 
v -33.5558 14.5648 -47.821 
v -40.5145 12.8515 -46.2801 
v -40.5145 14.7023 -46.255 
v -41.3637 12.8515 -46.2802 
v -41.3637 14.7023 -46.2624 
v -46.4484 12.9679 -46.3226 
v -44.8917 11.6269 -46.0855 
v -44.8917 12.9679 -46.3226 
v -46.4484 11.6269 -46.0856 
v -43.7303 11.9795 -53.1362 
v -43.7303 12.595 -53.3626 
v -48.5834 11.9795 -53.1363 
v -48.5834 12.595 -53.3627 
v -33.3716 13.5675 -56.7815 
v -34.4101 14.4273 -57.4384 
v -33.1178 12.2183 -56.1807 
v -33.7449 10.8932 -55.8654 
v -35.014 10.099 -55.9574 
v -36.4395 10.1402 -56.4196 
v -37.477 10.9998 -57.0764 
v -37.7318 12.3492 -57.6772 
v -37.1047 13.6743 -57.9925 
v -35.8356 14.4675 -57.9016 
v -34.4833 13.9791 -45.4203 
v -33.2703 13.1532 -45.7259 
v -34.4833 14.4506 -46.7117 
v -33.2702 13.6225 -47.013 
v -35.9829 13.9791 -45.4204 
v -34.4833 13.9791 -45.4203 
v -35.9829 14.4506 -46.7117 
v -34.4833 14.4506 -46.7117 
v -37.1959 13.1532 -45.726 
v -35.9829 13.9791 -45.4204 
v -37.1959 13.6225 -47.013 
v -35.9829 14.4506 -46.7117 
v -33.2703 13.1532 -45.7259 
v -34.4833 13.9791 -45.4203 
v -32.8071 11.8151 -46.2164 
v -33.2703 10.4752 -46.7038 
v -34.4832 9.64717 -47.0052 
v -35.9829 9.64717 -47.0052 
v -37.1959 10.4752 -46.7039 
v -37.6591 11.8151 -46.2165 
v -37.1959 13.1532 -45.726 
v -35.9829 13.9791 -45.4204 
v -37.2423 14.0527 -49.6665 
v -63.5256 14.0527 -49.6723 
v -37.2423 12.8408 -49.6663 
v -63.5256 12.8408 -49.6722 
v -37.2422 14.2945 -54.3863 
v -63.5254 14.2945 -54.3911 
v -37.2422 12.8403 -54.3862 
v -63.5254 12.8403 -54.391 
v -51.425 10.4065 -57.3008 
v -48.8879 11.2991 -58.5213 
v -51.5476 10.9628 -57.2871 
v -51.5476 10.9628 -57.2871 
v -48.8879 11.2991 -58.5213 
v -49.1248 11.8553 -58.5213 
v -49.1248 11.8553 -58.5213 
v -48.8879 11.2991 -58.5213 
v -38.8084 12.5174 -58.5212 
v -38.7714 11.9473 -58.5211 
v -51.9104 12.8663 -58.5215 
v -38.9163 13.871 -58.5044 
v -51.9537 13.4353 -58.5216 
v -38.9607 14.44 -58.4886 
v -51.9537 13.4353 -58.5216 
v -38.9163 13.871 -58.5044 
v -64.4256 11.7625 -45.9093 
v -64.1453 11.7625 -45.9093 
v -64.4256 12.3907 -45.9094 
v -64.1453 12.3907 -45.9094 
v -63.5066 14.1056 -49.3339 
v -64.1908 14.1056 -49.3339 
v -63.5066 12.3786 -49.3337 
v -64.1908 11.8519 -49.3337 
v -58.3456 13.5296 -56.4595 
v -59.6136 14.3069 -56.2692 
v -57.7417 12.158 -56.3969 
v -58.0336 10.7166 -56.1049 
v -59.1081 9.75525 -55.6956 
v -60.5568 9.6421 -55.3244 
v -61.8248 10.4183 -55.1341 
v -62.4276 11.79 -55.1967 
v -62.1368 13.2314 -55.4887 
v -61.0613 14.1927 -55.8981 
v -53.3899 13.9527 -55.9624 
v -54.44 14.7509 -56.6742 
v -53.1234 12.6603 -55.2505 
v -53.7432 11.368 -54.8094 
v -55.0111 10.5685 -54.8094 
v -56.4452 10.5685 -55.2483 
v -57.4953 11.368 -55.9601 
v -57.7618 12.6601 -56.6719 
v -57.1421 13.9524 -57.1131 
v -55.873 14.7509 -57.1131 
v -47.7997 11.7847 -54.7501 
v -38.8138 11.7847 -54.7499 
v -47.7997 13.9548 -54.7503 
v -38.8138 13.9548 -54.7269 
v -47.7997 13.9548 -54.7503 
v -38.8138 11.7847 -54.7499 
v -29.1056 21.6747 -46.3665 
v -28.5378 21.972 -45.3417 
v -29.9147 23.8892 -46.5602 
v -29.3478 24.1866 -45.5355 
v -28.7387 20.67 -46.2786 
v -28.1708 20.9674 -45.2538 
v -29.0126 21.4198 -46.3442 
v -28.4447 21.7161 -45.3195 
v -49.0129 12.378 -45.7621 
v -48.8152 11.0021 -45.7619 
v -48.6576 12.4287 -45.7621 
v -48.4598 11.0529 -45.7619 
v -40.4161 13.6121 -45.7514 
v -40.2184 12.2352 -45.7619 
v -40.0608 13.6629 -45.7493 
v -39.863 12.286 -45.7619 
v -40.3355 13.7695 -58.6271 
v -40.2276 12.383 -58.6376 
v -39.977 13.7968 -58.626 
v -39.8702 12.4114 -58.6375 
v -48.9936 13.0999 -58.6378 
v -48.8868 11.7134 -58.6377 
v -48.6362 13.1276 -58.6378 
v -48.5294 11.7409 -58.6377 
v -33.3855 18.6338 -50.3764 
v -28.673 18.634 -49.7323 
v -30.2127 23.0806 -54.3871 
v -33.5621 25.0965 -50.5146 
v -33.3855 18.6338 -50.3764 
v -30.2127 23.0806 -54.3871 
v -33.4437 25.3634 -46.4261 
v -33.5621 25.0965 -50.5146 
v -33.0101 25.5136 -47.2024 
v -33.0101 25.5136 -47.2024 
v -33.5621 25.0965 -50.5146 
v -31.8933 25.2172 -48.7199 
v -31.8933 25.2172 -48.7199 
v -33.5621 25.0965 -50.5146 
v -29.6893 24.276 -49.7879 
v -29.6893 24.276 -49.7879 
v -33.5621 25.0965 -50.5146 
v -29.0157 23.633 -49.9042 
v -29.0157 23.633 -49.9042 
v -33.5621 25.0965 -50.5146 
v -30.2127 23.0806 -54.3871 
v -29.2972 22.2825 -48.1542 
v -28.961 22.1795 -50.3085 
v -29.0898 23.6569 -49.8919 
v -28.8377 20.7667 -49.5596 
v -28.6552 18.6655 -46.7188 
v -28.7518 19.777 -50.1718 
v -28.6552 18.6651 -49.7201 
v -30.2318 23.6362 -46.8578 
v -29.8792 22.5268 -46.8271 
v -29.4211 20.6252 -46.3161 
v -29.0898 23.6569 -49.8919 
v -28.961 22.1795 -50.3085 
v -29.2972 22.2825 -48.1542 
v -28.8377 20.7667 -49.5596 
v -28.7518 19.777 -50.1718 
v -28.6552 18.6655 -46.7188 
v -28.6552 18.6651 -49.7201 
v -30.2318 23.6362 -46.8578 
v -29.4211 20.6252 -46.3161 
v -29.8792 22.5268 -46.8271 
v -30.3746 23.6337 -46.3999 
v -30.2318 23.6362 -46.8578 
v -30.9171 24.2657 -46.436 
v -30.8007 23.6258 -46.0361 
v -29.7751 24.2864 -49.7757 
v -29.0898 23.6569 -49.8919 
v -31.9816 24.4598 -47.1911 
v -32.2472 24.5808 -46.4138 
v -31.995 25.188 -48.7066 
v -33.117 25.4628 -47.1912 
v -33.5479 25.3056 -46.4139 
v -32.2472 24.5808 -46.4138 
v -32.3721 24.239 -46.4275 
v -32.0473 23.603 -46.0446 
v -30.3746 23.6337 -46.3999 
v -30.8007 23.6258 -46.0361 
v -30.1028 22.7766 -46.3755 
v -30.3571 22.3458 -46 
v -30.2318 23.6362 -46.8578 
v -29.8792 22.5268 -46.8271 
v -29.7751 24.2864 -49.7757 
v -33.6409 24.2155 -46.4201 
v -33.5479 25.3056 -46.4139 
v -33.6301 23.5738 -46.0457 
v -30.9171 24.2657 -46.436 
v -30.2318 23.6362 -46.8578 
v -30.3746 23.6337 -46.3999 
v -30.8007 23.6258 -46.0361 
v -29.0898 23.6569 -49.8919 
v -29.7751 24.2864 -49.7757 
v -32.2472 24.5808 -46.4138 
v -31.9816 24.4598 -47.1911 
v -33.117 25.4628 -47.1912 
v -31.995 25.188 -48.7066 
v -33.5479 25.3056 -46.4139 
v -32.3721 24.239 -46.4275 
v -32.2472 24.5808 -46.4138 
v -32.0473 23.603 -46.0446 
v -30.3571 22.3458 -46 
v -30.8007 23.6258 -46.0361 
v -30.1028 22.7766 -46.3755 
v -30.3746 23.6337 -46.3999 
v -29.8792 22.5268 -46.8271 
v -30.2318 23.6362 -46.8578 
v -29.7751 24.2864 -49.7757 
v -33.5479 25.3056 -46.4139 
v -33.6409 24.2155 -46.4201 
v -33.6301 23.5738 -46.0457 

vn 0.661417 -0.748031 0.0551181 
vn 0.685039 -0.732283 0.015748 
vn 0.606299 -0.795276 0.0314961 
vn -1 0 0 
vn -1 0 0 
vn -1 0 0 
vn 0.76378 0.244094 0.598425 
vn 0.748031 0.251969 0.614173 
vn 0.669291 0.220472 0.708661 
vn 0.314961 0.779528 -0.535433 
vn 0.669291 0.677165 -0.299213 
vn 0.92126 0.346457 -0.19685 
vn 0.622047 -0.779528 -0.0472441 
vn 0.598425 -0.795276 -0.0944882 
vn 0.15748 -0.984252 0.0393701 
vn -0.826772 0.559055 0 
vn -0.826772 0.559055 0 
vn -0.826772 0.559055 0 
vn -0.826772 0.559055 0 
vn 0.377953 0.748031 -0.543307 
vn 0.330709 0.826772 -0.448819 
vn 0.401575 0.850394 -0.338583 
vn 0.511811 0.834646 -0.204724 
vn 0.00787402 0.503937 0.866142 
vn -0.00787402 0.456693 0.889764 
vn 0 0.496063 0.866142 
vn -0.00787402 0.448819 0.897638 
vn 0.748031 -0.00787402 0.661417 
vn 0.496063 -0.015748 0.866142 
vn 0.732283 -0.015748 0.677165 
vn 0.488189 -0.015748 0.874016 
vn 0.984252 0 0.15748 
vn 0.992126 0 0.149606 
vn 0.992126 0.015748 -0.141732 
vn 0.984252 0.015748 -0.15748 
vn 0.566929 0.748031 0.338583 
vn 0.551181 0.716535 0.425197 
vn 0.582677 0.771654 0.23622 
vn 0.598425 0.795276 0.102362 
vn 0.598425 0.795276 0.0866142 
vn 0.598425 0.80315 0 
vn 0.23622 -0.976378 0 
vn 0.23622 -0.976378 0 
vn 0.23622 -0.976378 0 
vn 0.23622 -0.976378 0 
vn 0.637795 -0.76378 0.0866142 
vn 0.929134 -0.362205 0.015748 
vn 0.944882 -0.314961 0.0393701 
vn 0.976378 -0.212598 0 
vn 0.661417 -0.755906 0 
vn 0.165354 -0.984252 0.0708661 
vn -0.511811 -0.858268 0.0629921 
vn -0.259843 -0.96063 0.0708661 
vn -0.779528 -0.622047 0.0551181 
vn -0.80315 -0.598425 -0.0551181 
vn -0.811024 -0.590551 -0.00787402 
vn -0.716535 -0.700787 0 
vn 0.598425 -0.787402 -0.110236 
vn 0.637795 -0.76378 -0.11811 
vn 0.598425 -0.787402 0.110236 
vn 0.637795 -0.76378 0.11811 
vn 0.984252 -0.00787402 -0.165354 
vn 0.984252 -0.00787402 -0.15748 
vn 0.984252 -0.00787402 0.15748 
vn 0.984252 -0.00787402 0.165354 
vn 0.653543 0.748031 -0.11811 
vn 0.661417 0.740157 -0.110236 
vn 0.661417 0.740157 0.11811 
vn 0.669291 0.740157 0.110236 
vn 0 1 0 
vn 0 1 0 
vn 0 1 0 
vn 0 1 0 
vn 0 1 0 
vn -0.944882 0.330709 0 
vn -0.944882 0.330709 0 
vn -0.866142 0.503937 0 
vn -0.866142 0.503937 0 
vn -0.984252 0.15748 0 
vn -0.984252 0.15748 0 
vn 0.181102 -0.0393701 0.984252 
vn 0.0393701 -0.023622 1 
vn 0.181102 -0.0787402 0.984252 
vn 0.393701 0.645669 0.653543 
vn 0.417323 0.76378 0.488189 
vn 0.330709 0.472441 0.818898 
vn 0.622047 0.748031 0.212598 
vn 0.622047 0.755906 0.204724 
vn 0.267717 -0.0708661 0.96063 
vn 0.354331 -0.015748 0.937008 
vn 0.141732 -0.472441 0.874016 
vn 0.125984 -0.480315 0.866142 
vn 0.165354 -0.456693 0.874016 
vn 0.944882 -0.00787402 0.314961 
vn 0.944882 -0.00787402 0.314961 
vn 0.456693 -0.858268 0.251969 
vn 0.377953 -0.88189 0.275591 
vn 0 -1 0 
vn 0 -1 0 
vn 0 -1 0 
vn 0 -1 0 
vn -0.00787402 -1 0 
vn 0 1 0 
vn 0 1 0 
vn 0.299213 0.385827 0.874016 
vn 0.173228 -0.440945 0.88189 
vn 1 0 0 
vn 1 0 0 
vn 1 0 0 
vn 1 0 0 
vn 0.275591 0.393701 0.874016 
vn -1 0 0 
vn -0.0629921 -1 0 
vn -0.0629921 -1 0 
vn -0.0629921 -1 0 
vn -0.00787402 0.015748 -1 
vn -0.00787402 0.015748 -1 
vn -0.00787402 0.015748 -1 
vn 0.0393701 0.015748 -1 
vn 0.0393701 0.015748 -1 
vn 0.0393701 0.015748 -1 
vn 0 -1 0 
vn -1 -0.00787402 0 
vn -1 -0.00787402 0 
vn -1 -0.015748 0 
vn 0.0393701 0.0708661 -1 
vn 0.023622 0.0944882 -0.992126 
vn 0.015748 0.0708661 -1 
vn 0.023622 0.141732 -0.992126 
vn 0.0629921 0.0708661 -0.992126 
vn 0.622047 -0.771654 -0.11811 
vn 0.661417 -0.748031 -0.0551181 
vn 0.00787402 0.173228 -0.984252 
vn 0.0787402 0 -1 
vn -0.0944882 0.0314961 -0.992126 
vn -0.0551181 0.133858 -0.992126 
vn 0.889764 0.0393701 -0.456693 
vn 0.779528 0.015748 -0.629921 
vn 0.787402 0.0314961 -0.614173 
vn 0.653543 0.015748 -0.755906 
vn 0.984252 0.0708661 -0.149606 
vn 0.346457 0.629921 -0.700787 
vn 0.346457 0.629921 -0.700787 
vn 0.346457 0.629921 -0.700787 
vn -0.00787402 0.456693 -0.889764 
vn -0.00787402 0.456693 -0.889764 
vn -0.00787402 0.456693 -0.889764 
vn 0.464567 0.0708661 -0.88189 
vn 0.464567 0.0708661 -0.88189 
vn 0.708661 0.0551181 -0.700787 
vn 0.748031 0.0551181 -0.661417 
vn 0.566929 0.787402 -0.23622 
vn 0.519685 0.748031 -0.409449 
vn 0.551181 0.771654 -0.322835 
vn 0.590551 0.80315 -0.0866142 
vn 0.590551 0.80315 -0.0944882 
vn 0.23622 -0.976378 0 
vn 0.23622 -0.976378 0 
vn 0.23622 -0.976378 0 
vn 0.23622 -0.976378 0 
vn 0.976378 -0.212598 0 
vn 0.976378 -0.212598 0 
vn 0.976378 -0.212598 0 
vn 0.637795 -0.76378 -0.0866142 
vn 0.929134 -0.370079 -0.0708661 
vn 0.897638 -0.440945 -0.0314961 
vn 0.661417 -0.748031 0 
vn 0.173228 -0.984252 -0.0708661 
vn -0.267717 -0.96063 -0.0708661 
vn -0.503937 -0.858268 -0.0629921 
vn -0.787402 -0.614173 -0.0551181 
vn -0.80315 -0.590551 0.00787402 
vn -0.80315 -0.598425 0.0551181 
vn -0.716535 -0.700787 0 
vn 0 1 0 
vn -0.00787402 1 0 
vn -0.00787402 1 0 
vn -0.00787402 1 0 
vn -0.00787402 1 0 
vn 0.929134 0.377953 0 
vn 0.929134 0.377953 0 
vn 0.929134 0.377953 0 
vn 0.929134 0.377953 0 
vn -0.866142 0.503937 0 
vn -0.944882 0.322835 0 
vn -0.866142 0.503937 0 
vn -0.937008 0.338583 0 
vn -0.984252 0.15748 0 
vn -0.984252 0.15748 0 
vn 0.181102 -0.0393701 -0.984252 
vn 0.023622 0.023622 -1 
vn 0.165354 0 -0.984252 
vn 0 0.00787402 -1 
vn 0.015748 0.0314961 -1 
vn 0 0.015748 -1 
vn 0.00787402 0.0393701 -1 
vn 0 0.0314961 -1 
vn 0.023622 0.0551181 -1 
vn -0.11811 0.181102 -0.976378 
vn 0.015748 0.0551181 -1 
vn 0.015748 0.0472441 -1 
vn 0.11811 0.590551 -0.80315 
vn 0.354331 0.551181 -0.755906 
vn 0.346457 0.527559 -0.771654 
vn 0.590551 0.433071 -0.685039 
vn 0.598425 0.409449 -0.685039 
vn 0.023622 0.559055 -0.826772 
vn 0.0787402 0.582677 -0.811024 
vn -0.0314961 0.0629921 -1 
vn -0.299213 0.346457 -0.889764 
vn 0.023622 0.551181 -0.834646 
vn 0.653543 0.354331 -0.669291 
vn 0.023622 0.0314961 -1 
vn 0.023622 0.0314961 -1 
vn 0.023622 0.0314961 -1 
vn -0.00787402 0.023622 -1 
vn -0.00787402 0.015748 -1 
vn -0.00787402 0.015748 -1 
vn 0 0.0393701 -1 
vn 0.401575 0.779528 -0.480315 
vn 0.401575 0.779528 -0.480315 
vn 0.401575 0.779528 -0.480315 
vn 0.614173 0.76378 -0.204724 
vn 0.614173 0.755906 -0.212598 
vn 0.346457 0.00787402 -0.937008 
vn 0.267717 -0.0314961 -0.96063 
vn 0.141732 -0.393701 -0.905512 
vn 0.125984 -0.480315 -0.866142 
vn 0.141732 -0.472441 -0.874016 
vn 0.944882 0 -0.314961 
vn 0.944882 0 -0.314961 
vn 0.377953 -0.88189 -0.275591 
vn 0.456693 -0.858268 -0.251969 
vn 0 -1 0 
vn -0.00787402 -1 0 
vn 0 0.00787402 -1 
vn 0.0314961 -0.0787402 -1 
vn 0 1 0 
vn 0 1 0 
vn 0.291339 0.440945 -0.850394 
vn 0.291339 0.440945 -0.850394 
vn 0.307087 0.433071 -0.84252 
vn -1 0.00787402 0 
vn -1 0.00787402 0 
vn -1 0.00787402 0 
vn -1 0.00787402 0 
vn 0 0.023622 -1 
vn 0 0.023622 -1 
vn 0 0.0393701 -1 
vn 0 0.0314961 -1 
vn -0.0866142 -1 0 
vn -0.0866142 -1 0 
vn -0.0866142 -0.992126 0.00787402 
vn -0.0866142 -0.992126 0.00787402 
vn 0.0393701 0.023622 -1 
vn 0.0393701 0.023622 -1 
vn 0.0393701 0.023622 -1 
vn 0.0314961 0.0393701 -1 
vn 0.0314961 0.0393701 -1 
vn 0.0314961 0.0393701 -1 
vn 0 0.0393701 -1 
vn 0 0.0393701 -1 
vn 0.267717 0.448819 -0.858268 
vn -1 0 0 
vn -1 0 0 
vn -0.0629921 -1 0 
vn -1 -0.015748 0 
vn -1 -0.015748 0 
vn 0.00787402 -0.015748 1 
vn 0.00787402 -0.015748 1 
vn 0.00787402 -0.015748 1 
vn -0.0393701 -0.015748 1 
vn -0.0393701 -0.015748 1 
vn -0.0393701 -0.015748 1 
vn -1 -0.015748 0.00787402 
vn -1 -0.015748 0.00787402 
vn -1 -0.015748 0.00787402 
vn -1 0 0 
vn -1 0 0 
vn 0.952756 -0.204724 0.220472 
vn 0.952756 -0.204724 0.220472 
vn 0.952756 -0.204724 0.220472 
vn 0.952756 -0.19685 -0.228346 
vn 0.952756 -0.19685 -0.228346 
vn 0.952756 -0.19685 -0.228346 
vn 0.23622 0.811024 -0.535433 
vn 0.566929 0.795276 -0.212598 
vn 0.464567 0.850394 -0.251969 
vn 0.346457 0.858268 -0.370079 
vn 0.346457 0.858268 -0.370079 
vn 0.346457 0.858268 -0.370079 
vn 0.149606 0.952756 -0.275591 
vn 0.181102 0.929134 -0.322835 
vn 0.149606 0.952756 -0.275591 
vn 0.661417 0.724409 -0.173228 
vn 0.653543 0.740157 -0.165354 
vn 0.244094 0.92126 0.307087 
vn 0.244094 0.92126 0.314961 
vn 0.275591 0.937008 0.228346 
vn 0.251969 0.96063 0.110236 
vn -1 -0.023622 -0.00787402 
vn -1 -0.0314961 -0.00787402 
vn -1 -0.0314961 -0.00787402 
vn -1 -0.023622 0 
vn 0.456693 0.677165 -0.574803 
vn 0.448819 0.291339 -0.850394 
vn 0.511811 0.740157 -0.425197 
vn 0.661417 0.0629921 -0.748031 
vn 0.700787 -0.015748 -0.716535 
vn 0.417323 0.00787402 -0.905512 
vn 0.551181 0.220472 -0.80315 
vn -1 -0.023622 0 
vn -1 -0.023622 0 
vn -1 -0.023622 0.00787402 
vn 0.00787402 0 1 
vn 0 0.00787402 1 
vn 0 0.00787402 1 
vn 0.314961 0.00787402 -0.952756 
vn 0.748031 0.629921 -0.19685 
vn 0.433071 0.897638 -0.0393701 
vn 0.440945 0.897638 -0.023622 
vn 0.346457 0.937008 0.0314961 
vn 0.370079 0.929134 0.0393701 
vn 0.377953 0.88189 -0.291339 
vn 0.377953 0.913386 -0.165354 
vn 0.362205 0.850394 -0.377953 
vn 0.346457 0.937008 -0.0629921 
vn 0.165354 -0.0551181 -0.984252 
vn 0.173228 -0.0629921 -0.984252 
vn 0.173228 -0.0708661 -0.984252 
vn 0.165354 -0.0472441 -0.984252 
vn 0.00787402 -0.00787402 1 
vn 0.425197 0.629921 -0.653543 
vn 0.370079 0.724409 -0.582677 
vn 1 0.0708661 -0.00787402 
vn 0.976378 0.220472 -0.0551181 
vn 1 0.0708661 0 
vn 1 0.0708661 0 
vn 1 0.0708661 0 
vn 0.913386 0.283465 0.283465 
vn 0.818898 0.259843 0.511811 
vn 0.913386 0.275591 0.291339 
vn 0.858268 0.267717 0.433071 
vn 0 0.023622 -1 
vn 0 0 -1 
vn 0 0.015748 -1 
vn 0 0 -1 
vn 0 -1 0 
vn 0 -1 0 
vn 0 -1 0 
vn 0 -1 0 
vn 0 -1 0 
vn 0 -1 0 
vn 0 -1 0 
vn 0 -1 0 
vn 1 0 0 
vn 1 0 0 
vn 1 0 0 
vn 1 0 0 
vn -1 0 0 
vn -1 0 0 
vn -1 0 0 
vn -1 0 0 
vn 0 -1 0 
vn 0 -1 0 
vn 0 -1 0 
vn 0 -1 0 
vn 1 0 0 
vn 1 0 0 
vn 1 0 0 
vn 1 0 0 
vn -1 0 0 
vn -1 0 0 
vn -1 0 0 
vn -1 0 0 
vn 0 -1 0 
vn 0 -1 0 
vn 0 -1 0 
vn 0 -1 0 
vn 0 1 0 
vn 0 1 0 
vn 0 1 0 
vn 0 1 0 
vn 0.141732 -0.992126 0 
vn 0.141732 -0.992126 0 
vn 0.141732 -0.992126 0 
vn 0.141732 -0.992126 0 
vn 0 0.023622 -1 
vn 0 0.023622 -1 
vn 0 0.023622 -1 
vn 0 0 -1 
vn 0 0 -1 
vn 0 0 -1 
vn 0.141732 -0.992126 0 
vn 0.141732 -0.992126 0 
vn 0.141732 -0.992126 0 
vn 0.141732 -0.992126 0 
vn 0 0 -1 
vn 0 0 -1 
vn 0 0 -1 
vn 0 0 -1 
vn -1 0 0 
vn -1 0 0 
vn -1 0 0 
vn -1 0 0 
vn 0.606299 -0.795276 0 
vn 0.606299 -0.795276 0 
vn 0.606299 -0.795276 0 
vn 0.606299 -0.795276 0 
vn 1 0 0 
vn 1 0 0 
vn 1 0 0 
vn 1 0 0 
vn 0 -1 0 
vn 0 -1 0 
vn 0 -1 0 
vn 0 -1 0 
vn 1 0 0 
vn 1 0 0 
vn 1 0 0 
vn 1 0 0 
vn 0 1 0 
vn 0 1 0 
vn 0 1 0 
vn 0 1 0 
vn -1 0 0 
vn -1 0 0 
vn -1 0 0 
vn -1 0 0 
vn 0 -1 0.0787402 
vn 0 -1 0 
vn 0 -1 0.0787402 
vn 0 -1 0 
vn 1 0 0.0551181 
vn 1 0 0 
vn 1 0 0.0551181 
vn 1 0 0 
vn -1 0 0.0551181 
vn -1 0 0 
vn -1 0 0.0551181 
vn -1 0 0 
vn -1 0 0 
vn -1 0 0 
vn -1 0 0 
vn -1 0 0 
vn 0 0.023622 -1 
vn 0 0 -1 
vn 0 0.023622 -1 
vn 0 0 -1 
vn 0 -1 0 
vn 0 -1 0 
vn 0 -1 0 
vn 0 -1 0 
vn 0 0 -1 
vn 0 0 -1 
vn 0 0 -1 
vn 0 0 -1 
vn 0 0 -1 
vn 0 0 -1 
vn 0 0 -1 
vn 0 0 -1 
vn 0 -1 -0.0787402 
vn 0 -1 -0.0787402 
vn 1 0 -0.0551181 
vn 1 0 -0.0551181 
vn -1 0 -0.0551181 
vn -1 0 -0.0551181 
vn -0.0314961 0.496063 -0.866142 
vn -0.0314961 0.496063 -0.866142 
vn -0.0314961 0.496063 -0.866142 
vn -0.0314961 0.496063 -0.866142 
vn 0.11811 -0.992126 0 
vn 0.11811 -0.992126 0 
vn 0.11811 -0.992126 0 
vn 0.11811 -0.992126 0 
vn -0.0787402 0.496063 0.866142 
vn -0.0787402 0.496063 0.866142 
vn -0.0787402 0.496063 0.866142 
vn -0.0787402 0.496063 0.866142 
vn 0 0 -1 
vn 0 0 -1 
vn 0 0 -1 
vn 0 0 -1 
vn 0 0.511811 -0.858268 
vn 0.00787402 0.503937 -0.866142 
vn 0 0.511811 -0.858268 
vn 0.00787402 0.496063 -0.866142 
vn 0 -0.511811 0.858268 
vn 0 -0.496063 0.866142 
vn 0 -0.503937 0.858268 
vn 0 -0.496063 0.866142 
vn 0 -1 0 
vn 0 -1 0 
vn 0 -1 0 
vn 0 -1 0 
vn 0 -0.488189 -0.874016 
vn 0 -0.496063 -0.866142 
vn 0 -0.488189 -0.874016 
vn 0 -0.496063 -0.866142 
vn 0 0.00787402 -1 
vn 0 0.00787402 -1 
vn 0 0.00787402 -1 
vn 0.00787402 0.00787402 -1 
vn -1 0 0 
vn -1 0 0 
vn -1 0 0 
vn -1 0 0 
vn -1 0 0 
vn -1 0 0 
vn -1 0 0 
vn 0 0.96063 0.283465 
vn 0 0.96063 0.283465 
vn 0 0.96063 0.283465 
vn 0 0.96063 0.283465 
vn 0 0.370079 -0.929134 
vn 0 0.692913 -0.724409 
vn 0 0.370079 -0.929134 
vn 0 0.692913 -0.724409 
vn 0 -0.370079 -0.929134 
vn 0 -0.370079 -0.929134 
vn 0 -0.692913 -0.724409 
vn 0 -0.692913 -0.724409 
vn 0 -0.96063 0.283465 
vn 0 -0.96063 0.283465 
vn 0 -0.96063 0.283465 
vn 0 -0.96063 0.283465 
vn 0 -0.346457 0.937008 
vn 0 -0.346457 0.937008 
vn 0 -0.346457 0.937008 
vn 0 -0.346457 0.937008 
vn 1 0 0 
vn 1 0 0 
vn 1 0 0 
vn 1 0 0 
vn 1 0 0 
vn 1 0 0 
vn 1 0 0 
vn 0.0787402 0.984252 0.165354 
vn 0.0787402 0.984252 0.165354 
vn 0.0944882 0.976378 0.19685 
vn 0.0944882 0.976378 0.19685 
vn -0.023622 0.992126 0.110236 
vn 0.0708661 0.992126 0.110236 
vn -0.417323 0.905512 0.0629921 
vn -0.19685 0.976378 0.0708661 
vn 0.685039 -0.251969 0.685039 
vn 0.685039 -0.251969 0.685039 
vn 0.685039 -0.251969 0.685039 
vn -0.0551181 -0.614173 -0.787402 
vn -0.015748 -0.724409 -0.685039 
vn 0.00787402 -0.795276 -0.614173 
vn 0.0629921 -0.905512 -0.417323 
vn -0.708661 0 0.708661 
vn -0.708661 0 0.708661 
vn -0.708661 0 0.708661 
vn 0.0944882 0.992126 -0.015748 
vn 0.102362 0.992126 -0.023622 
vn 0.0314961 1 0.0787402 
vn 0.0314961 1 0.0787402 
vn 0.212598 0.968504 -0.110236 
vn 0.188976 0.984252 -0.015748 
vn 0.385827 0.811024 -0.448819 
vn 0.354331 0.866142 -0.346457 
vn -0.629921 0.110236 0.771654 
vn -0.629921 0.110236 0.771654 
vn -0.629921 0.110236 0.771654 
vn 0.433071 -0.889764 -0.141732 
vn 0.307087 -0.944882 -0.0708661 
vn 0 -1 0.0866142 
vn -0.125984 -0.976378 0.149606 
vn -0.755906 0 -0.653543 
vn -0.755906 0 -0.653543 
vn -0.755906 0 -0.653543 
vn 0 -1 0 
vn 0 -1 0 
vn 0 -1 0 
vn 0 -1 0 
vn 1 0 0 
vn 1 0 0 
vn 1 0 0 
vn 1 0 0 
vn -1 0 0 
vn -1 0 0 
vn -1 0 0 
vn -1 0 0 
vn -1 0.023622 0.015748 
vn -0.866142 0.314961 -0.401575 
vn -0.874016 -0.110236 -0.472441 
vn 0 -0.622047 0.779528 
vn 0 -0.622047 0.779528 
vn 0 -0.622047 0.779528 
vn 0 -0.622047 0.779528 
vn 0 -1 0 
vn 0 -1 0 
vn 0 -1 0 
vn 0 -1 0 
vn 0 -0.622047 -0.779528 
vn 0 -0.622047 -0.779528 
vn 0 -0.622047 -0.779528 
vn 0 -0.622047 -0.779528 
vn 0 0.220472 -0.976378 
vn 0 0.220472 -0.976378 
vn 0 0.220472 -0.976378 
vn 0 0.220472 -0.976378 
vn 0.834646 0.346457 0.433071 
vn 0.80315 -0.110236 0.582677 
vn 0.968504 -0.133858 -0.19685 
vn 0.795276 0.606299 0.0314961 
vn 0.708661 -0.614173 0.346457 
vn 0.551181 -0.771654 -0.330709 
vn 0.433071 -0.559055 -0.700787 
vn 0.685039 0.496063 -0.535433 
vn 0.535433 0.188976 -0.826772 
vn -0.850394 0.527559 -0.00787402 
vn -0.874016 -0.440945 -0.212598 
vn -0.866142 -0.448819 0.212598 
vn -0.858268 -0.11811 0.503937 
vn -0.850394 0.330709 0.417323 
vn 0 -1 0 
vn 0 -1 0 
vn 0 -1 0 
vn 0 -1 0 
vn 0 1 0 
vn 0 1 0 
vn 0 1 0 
vn 0 1 0 
vn 1 0 0 
vn 1 0 0 
vn 1 0 0 
vn 1 0 0 
vn 0 0.015748 -1 
vn 0 0.015748 -1 
vn 0 0.015748 -1 
vn 0 0 -1 
vn 0 0 -1 
vn 0 0 -1 
vn -1 0 0 
vn -1 0 0 
vn -1 0 0 
vn -1 0 0 
vn 0.952756 -0.0551181 -0.307087 
vn 0.952756 -0.0551181 -0.307087 
vn 0.952756 -0.0551181 -0.307087 
vn 0.952756 -0.0551181 -0.307087 
vn 0.590551 -0.141732 -0.795276 
vn 0.590551 -0.141732 -0.795276 
vn 0.590551 -0.141732 -0.795276 
vn 0.590551 -0.141732 -0.795276 
vn 0 -0.173228 -0.984252 
vn 0 -0.173228 -0.984252 
vn 0 -0.173228 -0.984252 
vn 0 -0.173228 -0.984252 
vn -0.590551 -0.141732 -0.795276 
vn -0.590551 -0.141732 -0.795276 
vn -0.590551 -0.141732 -0.795276 
vn -0.590551 -0.141732 -0.795276 
vn -0.952756 -0.0551181 -0.307087 
vn -0.952756 -0.0551181 -0.307087 
vn -0.952756 -0.0551181 -0.307087 
vn -0.952756 -0.0551181 -0.307087 
vn -0.952756 0.0551181 0.307087 
vn -0.952756 0.0551181 0.307087 
vn -0.952756 0.0551181 0.307087 
vn -0.952756 0.0551181 0.307087 
vn -0.590551 0.141732 0.795276 
vn -0.590551 0.141732 0.795276 
vn -0.590551 0.141732 0.795276 
vn -0.590551 0.141732 0.795276 
vn 0.590551 0.141732 0.795276 
vn 0.590551 0.141732 0.795276 
vn 0.590551 0.141732 0.795276 
vn 0.590551 0.141732 0.795276 
vn 0.952756 0.0551181 0.307087 
vn 0.952756 0.0551181 0.307087 
vn 0.952756 0.0551181 0.307087 
vn 0.952756 0.0551181 0.307087 
vn 0 -0.984252 0.173228 
vn 0 -0.984252 0.173228 
vn 0 -0.984252 0.173228 
vn 0 -0.984252 0.173228 
vn 0 -0.984252 0.173228 
vn 0 -0.984252 0.173228 
vn 0 -0.984252 0.173228 
vn 0 -0.984252 0.173228 
vn 0 -0.984252 0.173228 
vn 0 -0.984252 0.173228 
vn 0.0787402 -1 0 
vn 0.0787402 -1 0 
vn 0.0787402 -1 0 
vn 0.0787402 -1 0 
vn -0.0787402 1 0 
vn -0.0787402 1 0 
vn -0.0787402 1 0 
vn -0.0787402 1 0 
vn 0 0.023622 -1 
vn 0 0 -1 
vn 0 0.023622 -1 
vn 0 0 -1 
vn 0.897638 0.0787402 -0.433071 
vn 0.897638 0.0787402 -0.433071 
vn 0.897638 0.0787402 -0.433071 
vn 0.897638 0.0787402 -0.433071 
vn -0.897638 -0.0708661 -0.433071 
vn -0.897638 -0.0708661 -0.433071 
vn -0.897638 -0.0708661 -0.433071 
vn -0.897638 -0.0708661 -0.433071 
vn 0.19685 -0.984252 -0.0393701 
vn 0.0629921 -1 0 
vn 0.188976 -0.984252 -0.0314961 
vn 0.0629921 -1 0 
vn -0.19685 0.976378 0.0393701 
vn -0.188976 0.984252 0.0314961 
vn -0.0629921 1 0 
vn -0.0629921 1 0 
vn -0.228346 -0.0866142 -0.968504 
vn 0 0 -1 
vn -0.173228 -0.0708661 -0.984252 
vn 0 0 -1 
vn 0.897638 0.0551181 -0.433071 
vn 0.897638 0.0551181 -0.433071 
vn 0.897638 0.0551181 -0.433071 
vn 0.897638 0.0551181 -0.433071 
vn -0.976378 -0.212598 -0.0629921 
vn -0.976378 -0.212598 -0.0629921 
vn -0.976378 -0.212598 -0.0629921 
vn -0.976378 -0.212598 -0.0629921 
vn 0 0.00787402 -1 
vn 0 0.00787402 -1 
vn 0 0.00787402 -1 
vn 0 0.00787402 -1 
vn 0 0 -1 
vn 0 0 -1 
vn 0 0 -1 
vn 0 0 -1 
vn -0.0944882 -0.976378 -0.19685 
vn -0.0787402 -0.984252 -0.165354 
vn -0.0944882 -0.976378 -0.19685 
vn -0.0787402 -0.984252 -0.165354 
vn -0.0629921 -0.992126 -0.133858 
vn -0.0629921 -0.992126 -0.133858 
vn -0.0314961 -1 -0.0787402 
vn -0.102362 -0.992126 0.023622 
vn -0.0314961 -1 -0.0787402 
vn -0.0944882 -0.992126 0.015748 
vn -0.149606 -0.984252 0.110236 
vn -0.149606 -0.984252 0.110236 
vn 0.92126 -0.299213 -0.244094 
vn 0.92126 -0.299213 -0.244094 
vn 0.92126 -0.299213 -0.244094 
vn 0.92126 -0.299213 -0.244094 
vn 0.543307 -0.779528 -0.307087 
vn 0.543307 -0.779528 -0.307087 
vn 0.543307 -0.779528 -0.307087 
vn 0.543307 -0.779528 -0.307087 
vn -0.0472441 -0.968504 -0.251969 
vn -0.0472441 -0.968504 -0.251969 
vn -0.0472441 -0.968504 -0.251969 
vn -0.0472441 -0.968504 -0.251969 
vn -0.614173 -0.779528 -0.102362 
vn -0.614173 -0.779528 -0.102362 
vn -0.614173 -0.779528 -0.102362 
vn -0.614173 -0.779528 -0.102362 
vn -0.952756 -0.299213 0.0866142 
vn -0.952756 -0.299213 0.0866142 
vn -0.952756 -0.299213 0.0866142 
vn -0.952756 -0.299213 0.0866142 
vn -0.92126 0.299213 0.244094 
vn -0.92126 0.299213 0.244094 
vn -0.92126 0.299213 0.244094 
vn -0.92126 0.299213 0.244094 
vn -0.543307 0.779528 0.307087 
vn -0.543307 0.779528 0.307087 
vn -0.543307 0.779528 0.307087 
vn -0.543307 0.779528 0.307087 
vn 0.0472441 0.968504 0.251969 
vn 0.0472441 0.968504 0.251969 
vn 0.0472441 0.968504 0.251969 
vn 0.0472441 0.968504 0.251969 
vn 0.614173 0.779528 0.102362 
vn 0.614173 0.779528 0.102362 
vn 0.614173 0.779528 0.102362 
vn 0.614173 0.779528 0.102362 
vn 0.952756 0.299213 -0.0866142 
vn 0.952756 0.299213 -0.0866142 
vn 0.952756 0.299213 -0.0866142 
vn 0.952756 0.299213 -0.0866142 
vn -0.165354 0.259843 -0.952756 
vn -0.165354 0.259843 -0.952756 
vn -0.165354 0.259843 -0.952756 
vn -0.165354 0.259843 -0.952756 
vn -0.165354 0.259843 -0.952756 
vn -0.165354 0.259843 -0.952756 
vn -0.165354 0.259843 -0.952756 
vn -0.165354 0.259843 -0.952756 
vn -0.165354 0.259843 -0.952756 
vn -0.165354 0.259843 -0.952756 
vn 0.866142 -0.314961 0.393701 
vn 0.866142 -0.314961 0.393701 
vn 0.866142 -0.314961 0.393701 
vn 0.866142 -0.314961 0.393701 
vn 0.448819 -0.771654 0.440945 
vn 0.448819 -0.771654 0.440945 
vn 0.448819 -0.771654 0.440945 
vn 0.448819 -0.771654 0.440945 
vn -0.133858 -0.937008 0.322835 
vn -0.133858 -0.937008 0.322835 
vn -0.133858 -0.937008 0.322835 
vn -0.133858 -0.937008 0.322835 
vn -0.661417 -0.740157 0.0787402 
vn -0.661417 -0.740157 0.0787402 
vn -0.661417 -0.740157 0.0787402 
vn -0.661417 -0.740157 0.0787402 
vn -0.944882 -0.267717 -0.19685 
vn -0.944882 -0.267717 -0.19685 
vn -0.944882 -0.267717 -0.19685 
vn -0.944882 -0.267717 -0.19685 
vn -0.866142 0.314961 -0.393701 
vn -0.866142 0.314961 -0.393701 
vn -0.866142 0.314961 -0.393701 
vn -0.866142 0.314961 -0.393701 
vn -0.456693 0.771654 -0.440945 
vn -0.456693 0.771654 -0.440945 
vn -0.456693 0.771654 -0.440945 
vn -0.448819 0.771654 -0.440945 
vn 0.133858 0.937008 -0.322835 
vn 0.133858 0.937008 -0.322835 
vn 0.133858 0.937008 -0.322835 
vn 0.133858 0.937008 -0.322835 
vn 0.661417 0.740157 -0.0787402 
vn 0.661417 0.740157 -0.0787402 
vn 0.661417 0.740157 -0.0787402 
vn 0.661417 0.740157 -0.0787402 
vn 0.944882 0.267717 0.19685 
vn 0.944882 0.267717 0.19685 
vn 0.944882 0.267717 0.19685 
vn 0.944882 0.267717 0.19685 
vn 0.283465 -0.346457 -0.897638 
vn 0.283465 -0.346457 -0.897638 
vn 0.283465 -0.346457 -0.897638 
vn 0.283465 -0.346457 -0.897638 
vn 0.283465 -0.346457 -0.897638 
vn 0.283465 -0.346457 -0.897638 
vn 0.283465 -0.346457 -0.897638 
vn 0.283465 -0.346457 -0.897638 
vn 0.283465 -0.346457 -0.897638 
vn 0.283465 -0.346457 -0.897638 
vn 0.952756 -0.291339 -0.102362 
vn 0.952756 -0.291339 -0.102362 
vn 0.952756 -0.291339 -0.102362 
vn 0.952756 -0.291339 -0.102362 
vn 0.590551 -0.76378 -0.275591 
vn 0.590551 -0.76378 -0.275591 
vn 0.590551 -0.76378 -0.275591 
vn 0.590551 -0.76378 -0.275591 
vn 0 -0.937008 -0.338583 
vn 0 -0.937008 -0.338583 
vn 0 -0.937008 -0.338583 
vn 0 -0.937008 -0.338583 
vn -0.590551 -0.76378 -0.275591 
vn -0.590551 -0.76378 -0.275591 
vn -0.590551 -0.76378 -0.275591 
vn -0.590551 -0.76378 -0.275591 
vn -0.952756 -0.291339 -0.102362 
vn -0.952756 -0.291339 -0.102362 
vn -0.952756 -0.291339 -0.102362 
vn -0.952756 -0.291339 -0.102362 
vn -0.952756 0.291339 0.102362 
vn -0.952756 0.291339 0.102362 
vn -0.952756 0.291339 0.102362 
vn -0.952756 0.291339 0.102362 
vn 0.952756 0.291339 0.102362 
vn 0.952756 0.291339 0.102362 
vn 0.952756 0.291339 0.102362 
vn 0.952756 0.291339 0.102362 
vn 0 0.338583 -0.937008 
vn 0 0.338583 -0.937008 
vn 0 0.338583 -0.937008 
vn 0 0.338583 -0.937008 
vn 0 0.338583 -0.937008 
vn 0 0.338583 -0.937008 
vn 0 0.338583 -0.937008 
vn 0 0.338583 -0.937008 
vn 0 0.338583 -0.937008 
vn 0 0.338583 -0.937008 
vn 0.874016 -0.283465 0.401575 
vn 0.874016 -0.283465 0.401575 
vn 0.874016 -0.283465 0.401575 
vn 0.874016 -0.283465 0.401575 
vn 0.464567 -0.732283 0.496063 
vn 0.464567 -0.732283 0.496063 
vn 0.464567 -0.732283 0.496063 
vn 0.464567 -0.732283 0.496063 
vn -0.125984 -0.905512 0.401575 
vn -0.125984 -0.905512 0.401575 
vn -0.125984 -0.905512 0.401575 
vn -0.125984 -0.905512 0.401575 
vn -0.661417 -0.732283 0.15748 
vn -0.661417 -0.732283 0.15748 
vn -0.661417 -0.732283 0.15748 
vn -0.661417 -0.732283 0.15748 
vn -0.944882 -0.283465 -0.15748 
vn -0.944882 -0.283465 -0.15748 
vn -0.944882 -0.283465 -0.15748 
vn -0.944882 -0.283465 -0.15748 
vn -0.874016 0.283465 -0.401575 
vn -0.874016 0.283465 -0.401575 
vn -0.874016 0.283465 -0.401575 
vn -0.874016 0.283465 -0.401575 
vn -0.464567 0.732283 -0.496063 
vn -0.464567 0.732283 -0.496063 
vn -0.464567 0.732283 -0.496063 
vn -0.464567 0.732283 -0.496063 
vn 0.125984 0.905512 -0.401575 
vn 0.125984 0.905512 -0.401575 
vn 0.125984 0.905512 -0.401575 
vn 0.125984 0.905512 -0.401575 
vn 0.661417 0.732283 -0.15748 
vn 0.661417 0.732283 -0.15748 
vn 0.661417 0.732283 -0.15748 
vn 0.661417 0.732283 -0.15748 
vn 0.944882 0.283465 0.15748 
vn 0.944882 0.283465 0.15748 
vn 0.944882 0.283465 0.15748 
vn 0.944882 0.283465 0.15748 
vn 0.267717 -0.425197 -0.866142 
vn 0.267717 -0.425197 -0.866142 
vn 0.267717 -0.425197 -0.866142 
vn 0.267717 -0.425197 -0.866142 
vn 0.267717 -0.425197 -0.866142 
vn 0.267717 -0.425197 -0.866142 
vn 0.267717 -0.425197 -0.866142 
vn 0.267717 -0.425197 -0.866142 
vn 0.267717 -0.425197 -0.866142 
vn 0.267717 -0.425197 -0.866142 
vn -0.322835 -0.905512 0.275591 
vn -0.322835 -0.905512 0.275591 
vn -0.314961 -0.92126 0.212598 
vn -0.314961 -0.929134 0.204724 
vn 0.0787402 0.669291 0.740157 
vn 0.0787402 0.669291 0.740157 
vn 0.0866142 0.685039 0.724409 
vn 0.0866142 0.685039 0.724409 
vn 0.23622 0.283465 -0.929134 
vn 0.23622 0.283465 -0.929134 
vn 0.220472 0.244094 -0.944882 
vn 0.220472 0.23622 -0.944882 
vn 0.251969 -0.771654 0.582677 
vn 0.251969 -0.771654 0.582677 
vn 0.299213 -0.771654 0.559055 
vn 0.299213 -0.771654 0.559055 
vn -0.858268 0.480315 0.15748 
vn -0.866142 0.480315 0.15748 
vn -0.874016 0.448819 0.19685 
vn -0.874016 0.448819 0.19685 
vn 0.606299 0.283465 -0.740157 
vn 0.606299 0.283465 -0.740157 
vn 0.574803 0.330709 -0.755906 
vn 0.574803 0.330709 -0.755906 
vn 0.00787402 -0.267717 0.96063 
vn 0.015748 -0.259843 0.968504 
vn 0.0629921 -0.188976 0.976378 
vn 0.0629921 -0.181102 0.984252 
vn -0.527559 -0.535433 -0.661417 
vn -0.527559 -0.535433 -0.661417 
vn -0.527559 -0.535433 -0.653543 
vn -0.527559 -0.535433 -0.653543 
vn 0.519685 0.795276 -0.314961 
vn 0.519685 0.795276 -0.314961 
vn 0.488189 0.779528 -0.385827 
vn 0.488189 0.779528 -0.393701 
vn -0.622047 0.740157 -0.251969 
vn -0.622047 0.740157 -0.251969 
vn -0.622047 0.740157 -0.251969 
vn -0.622047 0.740157 -0.251969 
vn 0.622047 -0.740157 0.251969 
vn 0.354331 -0.905512 0.228346 
vn 0.606299 -0.795276 -0.0629921 
vn 0.834646 -0.496063 0.23622 
vn 0.582677 -0.614173 0.535433 
vn 0.354331 -0.559055 -0.748031 
vn 0.314961 -0.527559 -0.787402 
vn 0.346457 -0.559055 -0.755906 
vn 0.307087 -0.527559 -0.795276 
vn -0.669291 0.724409 -0.173228 
vn -0.669291 0.716535 -0.19685 
vn -0.669291 0.724409 -0.181102 
vn -0.669291 0.716535 -0.19685 
vn 0.322835 -0.181102 0.929134 
vn 0.291339 -0.133858 0.944882 
vn 0.314961 -0.173228 0.929134 
vn 0.291339 -0.133858 0.944882 
vn 0.519685 0.141732 -0.84252 
vn 0.480315 0.11811 -0.874016 
vn 0.519685 0.141732 -0.84252 
vn 0.480315 0.11811 -0.874016 
vn -0.937008 -0.354331 -0.0393701 
vn -0.937008 -0.354331 0.015748 
vn -0.937008 -0.354331 -0.0393701 
vn -0.937008 -0.354331 0.015748 
vn 0.409449 0.220472 0.88189 
vn 0.456693 0.228346 0.858268 
vn 0.417323 0.220472 0.88189 
vn 0.456693 0.228346 0.858268 
vn -0.188976 0.433071 -0.88189 
vn -0.15748 0.346457 -0.92126 
vn -0.181102 0.425197 -0.88189 
vn -0.15748 0.346457 -0.929134 
vn 0.259843 -0.952756 0.133858 
vn 0.259843 -0.952756 0.141732 
vn 0.259843 -0.952756 0.133858 
vn 0.259843 -0.952756 0.141732 
vn -0.0787402 0.535433 0.84252 
vn -0.0944882 0.598425 0.795276 
vn -0.0787402 0.535433 0.84252 
vn -0.0944882 0.606299 0.787402 
vn 0.952756 0.0629921 -0.307087 
vn 0.755906 -0.0314961 -0.645669 
vn 0.811024 0.251969 -0.527559 
vn 0.787402 0.511811 -0.346457 
vn 0.598425 0.409449 -0.685039 
vn 0.80315 -0.511811 -0.299213 
vn 0.80315 -0.511811 -0.299213 
vn 0.80315 -0.511811 -0.299213 
vn 0.937008 0.346457 0.0629921 
vn 0.937008 0.346457 0.0629921 
vn 0.937008 0.346457 0.0629921 
vn 0.307087 0.850394 -0.417323 
vn 0.307087 0.850394 -0.417323 
vn 0.307087 0.850394 -0.417323 
vn 0.393701 0.0629921 -0.913386 
vn 0.393701 0.0629921 -0.913386 
vn 0.393701 0.0629921 -0.913386 
vn 0.322835 -0.944882 -0.015748 
vn 0.322835 -0.944882 -0.023622 
vn -0.338583 0.944882 0.015748 
vn -0.338583 0.944882 0.023622 
vn -0.440945 -0.0708661 -0.897638 
vn -0.433071 -0.0866142 -0.897638 
vn 0 -1 0.0787402 
vn 0 -1 0 
vn 0 -1 0.0787402 
vn 0 -1 0 
vn 1 0 0.0551181 
vn 1 0 0 
vn 1 0 0.0551181 
vn 1 0 0 
vn -1 0 0.0551181 
vn -1 0 0 
vn -1 0 0.0551181 
vn -1 0 0 
vn 0 -1 -0.0787402 
vn 0 -1 -0.0787402 
vn 1 0 -0.0551181 
vn 1 0 -0.0551181 
vn -1 0 -0.0551181 
vn -1 0 -0.0551181 
vn 0.952756 -0.283465 0.0866142 
vn 0.952756 -0.283465 0.0866142 
vn 0.952756 -0.283465 0.0866142 
vn 0.952756 -0.283465 0.0866142 
vn 0.606299 -0.795276 0.0472441 
vn 0.606299 -0.795276 0.0472441 
vn 0.606299 -0.795276 0.0472441 
vn 0.606299 -0.795276 0.0472441 
vn 0.023622 -1 -0.015748 
vn 0.023622 -1 -0.015748 
vn 0.023622 -1 -0.015748 
vn 0.023622 -1 -0.015748 
vn -0.566929 -0.826772 -0.0629921 
vn -0.566929 -0.826772 -0.0629921 
vn -0.566929 -0.818898 -0.0708661 
vn -0.566929 -0.818898 -0.0708661 
vn -0.937008 -0.330709 -0.0944882 
vn -0.937008 -0.330709 -0.0944882 
vn -0.937008 -0.330709 -0.0944882 
vn -0.937008 -0.330709 -0.0944882 
vn -0.952756 0.283465 -0.0866142 
vn -0.952756 0.283465 -0.0866142 
vn -0.952756 0.283465 -0.0866142 
vn -0.952756 0.283465 -0.0866142 
vn -0.606299 0.795276 -0.0472441 
vn -0.606299 0.795276 -0.0472441 
vn -0.606299 0.795276 -0.0472441 
vn -0.606299 0.795276 -0.0472441 
vn -0.023622 1 0.015748 
vn -0.023622 1 0.015748 
vn -0.023622 1 0.015748 
vn -0.023622 1 0.015748 
vn 0.566929 0.818898 0.0708661 
vn 0.566929 0.818898 0.0708661 
vn 0.566929 0.818898 0.0708661 
vn 0.566929 0.818898 0.0708661 
vn 0.937008 0.330709 0.0944882 
vn 0.937008 0.330709 0.0944882 
vn 0.937008 0.330709 0.0944882 
vn 0.937008 0.330709 0.0944882 
vn 0.0944882 0.015748 -0.992126 
vn 0.0944882 0.015748 -0.992126 
vn 0.0944882 0.015748 -0.992126 
vn 0.0944882 0.015748 -0.992126 
vn 0.0944882 0.015748 -0.992126 
vn 0.0944882 0.015748 -0.992126 
vn 0.0944882 0.015748 -0.992126 
vn 0.0944882 0.015748 -0.992126 
vn 0.0944882 0.015748 -0.992126 
vn 0.0944882 0.015748 -0.992126 
vn 0.952756 -0.228346 -0.19685 
vn 0.952756 -0.228346 -0.19685 
vn 0.952756 -0.228346 -0.19685 
vn 0.952756 -0.23622 -0.19685 
vn 0.653543 -0.755906 -0.0472441 
vn 0.653543 -0.755906 -0.0472441 
vn 0.653543 -0.755906 -0.0472441 
vn 0.653543 -0.755906 -0.0472441 
vn 0.110236 -0.984252 0.125984 
vn 0.110236 -0.984252 0.125984 
vn 0.110236 -0.984252 0.125984 
vn 0.110236 -0.984252 0.125984 
vn -0.480315 -0.84252 0.244094 
vn -0.480315 -0.84252 0.244094 
vn -0.480315 -0.84252 0.244094 
vn -0.480315 -0.84252 0.244094 
vn -0.88189 -0.377953 0.275591 
vn -0.88189 -0.377953 0.275591 
vn -0.88189 -0.377953 0.275591 
vn -0.88189 -0.377953 0.275591 
vn -0.952756 0.228346 0.19685 
vn -0.952756 0.228346 0.19685 
vn -0.952756 0.228346 0.19685 
vn -0.952756 0.228346 0.19685 
vn -0.653543 0.755906 0.0472441 
vn -0.653543 0.755906 0.0472441 
vn -0.653543 0.755906 0.0472441 
vn -0.653543 0.755906 0.0472441 
vn -0.110236 0.984252 -0.125984 
vn -0.110236 0.984252 -0.125984 
vn -0.110236 0.984252 -0.125984 
vn -0.110236 0.984252 -0.125984 
vn 0.480315 0.84252 -0.244094 
vn 0.480315 0.84252 -0.244094 
vn 0.480315 0.84252 -0.244094 
vn 0.480315 0.84252 -0.244094 
vn 0.88189 0.377953 -0.275591 
vn 0.88189 0.377953 -0.275591 
vn 0.88189 0.377953 -0.275591 
vn 0.88189 0.377953 -0.275591 
vn -0.23622 -0.149606 -0.96063 
vn -0.23622 -0.149606 -0.96063 
vn -0.23622 -0.149606 -0.96063 
vn -0.23622 -0.149606 -0.96063 
vn -0.23622 -0.149606 -0.96063 
vn -0.23622 -0.149606 -0.96063 
vn -0.23622 -0.149606 -0.96063 
vn -0.23622 -0.149606 -0.96063 
vn -0.23622 -0.149606 -0.96063 
vn -0.23622 -0.149606 -0.96063 
vn -0.0629921 0.173228 -0.984252 
vn 0.0551181 0.0472441 -1 
vn 0.023622 -0.023622 -1 
vn -0.0393701 -1 0 
vn -0.023622 -1 -0.023622 
vn 0 -1 -0.023622 
vn 0.661417 0.377953 -0.645669 
vn 0.661417 0.377953 -0.645669 
vn 0.661417 0.377953 -0.645669 
vn -1 0 0 
vn -1 0 0 
vn -1 0 0 
vn 1 0 0 
vn 1 0 0 
vn 1 0 0 
vn 1 0 0 
vn 1 0 0 
vn -0.0393701 -0.0393701 -1 
vn -0.0708661 0.0551181 -0.992126 
vn 0.0472441 0.204724 -0.976378 
vn 0.141732 0.181102 -0.976378 
vn 0.0393701 0.141732 -0.992126 
vn -0.19685 0.338583 -0.92126 
vn 0.015748 0.535433 -0.84252 
vn 0.181102 0.464567 -0.866142 
vn -0.00787402 0.228346 -0.976378 
vn 0.00787402 -0.0787402 -1 
vn -0.102362 0.992126 -0.0393701 
vn 0.015748 0.968504 -0.251969 
vn -0.0787402 0.992126 -0.0708661 
vn -0.0393701 1 -0.0393701 
vn 0.00787402 1 -0.0708661 
vn -0.11811 0.984252 -0.125984 
vn 0.015748 0.992126 -0.11811 
vn 0.00787402 0.976378 -0.228346 
vn 0.00787402 1 -0.0629921 
vn 0.15748 0.976378 -0.11811 
vn 0.0787402 0.992126 -0.0551181 
vn -0.92126 0.244094 -0.291339 
vn -1 0.0472441 -0.0629921 
vn -0.992126 0.0629921 -0.0708661 
vn 0.0314961 0.984252 -0.181102 
vn 0.0393701 -1 0 
vn 0.023622 -1 -0.023622 
vn 0 -0.0314961 -1 
vn 0 -0.0314961 -1 
vn 0 -0.0314961 -1 
vn 0 -0.0314961 -1 
vn 0 -0.023622 -1 
vn 0 1 0 
vn 0 1 0 
vn 0 1 0 
vn 0 1 0 
vn 1 0.0314961 0.00787402 
vn 1 0.0314961 0.00787402 
vn 1 0.0314961 0 
vn 1 0.0314961 0 
vn 0 1 0 
vn 0.992126 -0.102362 -0.023622 
vn 0.992126 -0.102362 -0.023622 
vn 0.992126 -0.102362 -0.023622 
vn 1 -0.00787402 0 
vn 1 -0.00787402 0 
vn 1 -0.00787402 0 
vn -0.779528 -0.307087 -0.543307 
vn -0.740157 -0.259843 -0.614173 
vn -0.850394 -0.23622 -0.480315 
vn -0.787402 -0.314961 -0.527559 
vn -0.866142 -0.228346 -0.448819 
vn -1 0.023622 0.015748 
vn -0.866142 0.314961 -0.401575 
vn -0.874016 -0.110236 -0.472441 
vn 0 -0.622047 0.779528 
vn 0 -0.622047 0.779528 
vn 0 -0.622047 0.779528 
vn 0 -0.622047 0.779528 
vn 0 -1 0 
vn 0 -1 0 
vn 0 -1 0 
vn 0 -1 0 
vn 0 -0.622047 -0.779528 
vn 0 -0.622047 -0.779528 
vn 0 -0.622047 -0.779528 
vn 0 -0.622047 -0.779528 
vn 0 0.220472 -0.976378 
vn 0 0.220472 -0.976378 
vn 0 0.220472 -0.976378 
vn 0 0.220472 -0.976378 
vn 0.858268 0.330709 0.401575 
vn 0.818898 -0.102362 0.566929 
vn 0.992126 -0.133858 -0.0551181 
vn 0.858268 0.511811 0.00787402 
vn 0.740157 -0.590551 0.314961 
vn 0.700787 -0.645669 -0.314961 
vn 0.748031 -0.11811 -0.653543 
vn 0.818898 0.370079 -0.433071 
vn -0.850394 0.527559 -0.00787402 
vn -0.874016 -0.440945 -0.212598 
vn -0.866142 -0.448819 0.212598 
vn -0.858268 -0.11811 0.503937 
vn -0.850394 0.330709 0.417323 
vn 0 0 1 
vn 0 0 1 
vn 0 0 1 
vn 0 0 1 
vn 0 0 1 
vn 0 0 1 
vn 0.889764 0.11811 0.433071 
vn 0.889764 0.11811 0.433071 
vn 0.889764 0.11811 0.433071 
vn -0.141732 0.992126 0 
vn -0.141732 0.992126 0 
vn -0.141732 0.992126 0 
vn -0.102362 0.535433 0.84252 
vn -0.102362 0.535433 0.84252 
vn -0.102362 0.535433 0.84252 
vn 0 0 1 
vn 0 0 1 
vn 0 0 1 
vn 0.889764 0.125984 0.433071 
vn 0.889764 0.125984 0.433071 
vn 0.889764 0.125984 0.433071 
vn -0.141732 0.992126 0 
vn -0.141732 0.992126 0 
vn -0.141732 0.992126 0 
vn -0.102362 0.551181 0.826772 
vn -0.102362 0.551181 0.826772 
vn -0.102362 0.551181 0.826772 
vn 0 0 1 
vn 0 0 1 
vn 0 0 1 
vn 0.165354 -0.259843 0.952756 
vn 0.165354 -0.259843 0.952756 
vn 0.165354 -0.259843 0.952756 
vn 0.165354 -0.259843 0.952756 
vn 0.165354 -0.259843 0.952756 
vn 0.165354 -0.259843 0.952756 
vn 0.165354 -0.259843 0.952756 
vn 0.165354 -0.259843 0.952756 
vn 0.165354 -0.259843 0.952756 
vn 0.165354 -0.259843 0.952756 
vn -0.0944882 -0.015748 0.992126 
vn -0.0944882 -0.015748 0.992126 
vn -0.0944882 -0.015748 0.992126 
vn -0.0944882 -0.015748 0.992126 
vn -0.0944882 -0.015748 0.992126 
vn -0.0944882 -0.015748 0.992126 
vn -0.0944882 -0.015748 0.992126 
vn -0.0944882 -0.015748 0.992126 
vn -0.0944882 -0.015748 0.992126 
vn -0.0944882 -0.015748 0.992126 
vn -0.0314961 0.11811 0.992126 
vn -0.0314961 0.11811 0.992126 
vn -0.0314961 0.11811 0.992126 
vn -0.0629921 0.11811 0.992126 
vn -0.0629921 0.11811 0.992126 
vn -0.0629921 0.11811 0.992126 
vn -0.00787402 -0.0314961 1 
vn -0.00787402 -0.0314961 1 
vn -0.00787402 -0.0314961 1 
vn 0.015748 -0.023622 1 
vn 0.00787402 -0.015748 1 
vn 0.015748 -0.023622 1 
vn 0 -0.015748 1 
vn -0.0393701 -0.0393701 1 
vn -0.0393701 -0.0393701 1 
vn -0.0393701 -0.0393701 1 
vn -0.00787402 -0.015748 1 
vn 0 -0.015748 1 
vn 0 -0.015748 1 
vn 0 -0.023622 1 
vn 0.141732 -0.00787402 0.992126 
vn 0.141732 -0.00787402 0.992126 
vn 0.141732 -0.00787402 0.992126 
vn -0.00787402 0.102362 0.992126 
vn -0.00787402 0.102362 0.992126 
vn -0.00787402 0.102362 0.992126 
vn 0 0.0314961 1 
vn 0 0.0314961 1 
vn 0 0.0314961 1 
vn 0 0.0314961 1 
vn 0 0.0944882 0.992126 
vn 0 0.0944882 0.992126 
vn 0 0.0944882 0.992126 
vn 0.543307 -0.015748 0.84252 
vn 0.543307 -0.015748 0.84252 
vn 0.543307 -0.015748 0.84252 
vn 0.00787402 0.0944882 0.992126 
vn -0.00787402 -0.023622 1 
vn -0.00787402 -0.023622 1 
vn -0.00787402 -0.023622 1 
vn 0.015748 0.0944882 0.992126 
vn 0.015748 0.0944882 0.992126 
vn 0.015748 0.0944882 0.992126 
vn 0.0393701 0.173228 0.984252 
vn 0.0393701 0.173228 0.984252 
vn 0.0393701 0.173228 0.984252 
vn 0.0551181 0.0314961 1 
vn 0.0551181 0.0314961 1 
vn 0.0551181 0.0314961 1 
vn 1 0 0.0787402 
vn 1 0 0.0787402 
vn 1 0 0.0787402 
vn 0.488189 -0.834646 0.267717 
vn 0.488189 -0.834646 0.267717 
vn 0.488189 -0.834646 0.267717 
vn 0.0314961 0 1 
vn 0.0314961 0 1 
vn 0.0314961 0 1 
vn 0.0472441 -0.023622 1 
vn 0.0472441 -0.023622 1 
vn 0.0472441 -0.023622 1 
vn 0 -0.015748 1 
vn -0.00787402 -0.00787402 1 
vn 0 -0.015748 1 
vn -0.00787402 -0.00787402 1 
vn 0 0.173228 0.984252 
vn 0 0.173228 0.984252 
vn 0 0.173228 0.984252 
vn 0 0.173228 0.984252 
vn 0 0.346457 0.937008 
vn 0 0.346457 0.937008 
vn 0 0.346457 0.937008 
vn 0 0.346457 0.937008 
vn -0.283465 0.346457 0.897638 
vn -0.283465 0.346457 0.897638 
vn -0.283465 0.346457 0.897638 
vn -0.283465 0.346457 0.897638 
vn -0.283465 0.346457 0.897638 
vn -0.283465 0.346457 0.897638 
vn -0.283465 0.346457 0.897638 
vn -0.283465 0.346457 0.897638 
vn -0.283465 0.346457 0.897638 
vn -0.283465 0.346457 0.897638 
vn 0.590551 0.76378 0.275591 
vn 0.590551 0.76378 0.275591 
vn 0.590551 0.76378 0.275591 
vn 0.590551 0.76378 0.275591 
vn 0 0.937008 0.346457 
vn 0 0.937008 0.346457 
vn 0 0.937008 0.346457 
vn 0 0.937008 0.346457 
vn -0.590551 0.76378 0.275591 
vn -0.590551 0.76378 0.275591 
vn -0.590551 0.76378 0.275591 
vn -0.590551 0.76378 0.275591 
vn 0 -0.346457 0.937008 
vn 0 -0.346457 0.937008 
vn 0 -0.346457 0.937008 
vn 0 -0.338583 0.937008 
vn 0 -0.338583 0.937008 
vn 0 -0.338583 0.937008 
vn 0 -0.338583 0.937008 
vn -0.00787402 -0.346457 0.937008 
vn 0 -0.346457 0.937008 
vn 0 -0.346457 0.937008 
vn 0 0 1 
vn 0 0 1 
vn 0 0 1 
vn 0 0 1 
vn 0 0 1 
vn 0 0 1 
vn 0 0 1 
vn 0 0 1 
vn 0.409449 0.0708661 0.905512 
vn 0.409449 0.0708661 0.905512 
vn 0.409449 0.0708661 0.905512 
vn 0.393701 0.173228 0.905512 
vn 0.393701 0.173228 0.905512 
vn 0.393701 0.173228 0.905512 
vn 0 0 1 
vn 0 0 1 
vn 0 0 1 
vn 0 0 1 
vn 0 0 1 
vn 0 0 1 
vn 0 0 1 
vn 0 -0.0314961 1 
vn 0 -0.0314961 1 
vn 0 -0.0314961 1 
vn 0 0 1 
vn 0 0 1 
vn 0 0 1 
vn 0 0 1 
vn 0 0 1 
vn 0 0 1 
vn 0 0 1 
vn 0 0 1 
vn 0.23622 0.149606 0.96063 
vn 0.23622 0.149606 0.96063 
vn 0.23622 0.149606 0.96063 
vn 0.23622 0.149606 0.96063 
vn 0.23622 0.149606 0.96063 
vn 0.23622 0.149606 0.96063 
vn 0.23622 0.149606 0.96063 
vn 0.23622 0.149606 0.96063 
vn 0.23622 0.149606 0.96063 
vn 0.23622 0.149606 0.96063 
vn -0.267717 0.425197 0.866142 
vn -0.267717 0.425197 0.866142 
vn -0.267717 0.425197 0.866142 
vn -0.267717 0.425197 0.866142 
vn -0.267717 0.425197 0.866142 
vn -0.267717 0.425197 0.866142 
vn -0.267717 0.425197 0.866142 
vn -0.267717 0.425197 0.866142 
vn -0.267717 0.425197 0.866142 
vn -0.267717 0.425197 0.866142 
vn 0 0 1 
vn 0 0 1 
vn 0 0 1 
vn 0 -0.00787402 1 
vn 0 -0.00787402 1 
vn 0 -0.00787402 1 
vn -0.811024 -0.251969 0.527559 
vn -0.811024 -0.251969 0.527559 
vn -0.811024 -0.251969 0.519685 
vn -0.811024 -0.251969 0.519685 
vn -0.811024 -0.251969 0.527559 
vn -0.811024 -0.251969 0.527559 
vn -0.811024 -0.251969 0.527559 
vn -0.811024 -0.251969 0.527559 
vn 0 0 1 
vn 0 0 1 
vn 0 0 1 
vn 0 0 1 
vn -0.00787402 -0.00787402 1 
vn 0 -0.00787402 1 
vn 0 -0.00787402 1 
vn 0 -0.00787402 1 
vn 0 -0.00787402 1 
vn 0 -0.00787402 1 
vn 0 -0.00787402 1 
vn 0 -0.00787402 1 
vn 0 0 1 
vn 0 0 1 
vn 0 0 1 
vn 0 0 1 
vn -0.0944882 0.700787 0.700787 
vn -0.0944882 0.700787 0.700787 
vn -0.0944882 0.700787 0.700787 
vn 0.76378 0.0314961 0.645669 
vn 0.76378 0.0314961 0.645669 
vn 0.76378 0.0314961 0.645669 
vn 0.401575 -0.913386 0.0472441 
vn 0.401575 -0.913386 0.0472441 
vn 0.401575 -0.913386 0.0472441 
vn -0.0787402 -0.984252 0.133858 
vn -0.0787402 -0.984252 0.133858 
vn -0.0787402 -0.984252 0.133858 
vn -0.251969 -0.92126 0.299213 
vn -0.251969 -0.92126 0.299213 
vn -0.251969 -0.92126 0.299213 
vn -0.251969 -0.425197 0.874016 
vn -0.251969 -0.425197 0.874016 
vn -0.251969 -0.425197 0.874016 
vn -0.322835 -0.92126 0.19685 
vn -0.322835 -0.92126 0.19685 
vn -0.322835 -0.92126 0.19685 
vn 0.937008 0.23622 0.251969 
vn 0.984252 0.102362 0.149606 
vn 0.968504 0.133858 0.220472 
vn 0.984252 0.149606 0.0708661 
vn 0.968504 0.19685 0.133858 
vn 1 0.0866142 0 
vn 1 0.0866142 0 
vn 0.897638 0.291339 0.338583 
vn 0.889764 0.299213 0.338583 
vn 0.897638 0.291339 0.322835 
vn -0.968504 -0.133858 -0.220472 
vn -0.984252 -0.102362 -0.149606 
vn -0.937008 -0.23622 -0.251969 
vn -0.984252 -0.149606 -0.0708661 
vn -1 -0.0866142 0 
vn -0.968504 -0.19685 -0.133858 
vn -1 -0.0866142 0 
vn -0.897638 -0.291339 -0.338583 
vn -0.897638 -0.291339 -0.322835 
vn -0.889764 -0.299213 -0.338583 
vn 0.677165 0.606299 0.409449 
vn 0.732283 0.637795 0.251969 
vn 0.338583 0.795276 0.503937 
vn 0.267717 0.543307 0.795276 
vn 0.614173 0.755906 0.228346 
vn 0.677165 0.692913 0.259843 
vn 0.433071 0.889764 0.149606 
vn 0.472441 0.874016 0.102362 
vn 0.543307 0.76378 0.362205 
vn 0.559055 0.76378 0.322835 
vn 0.440945 0.795276 0.409449 
vn 0.00787402 -0.0314961 1 
vn 0 0.244094 0.968504 
vn -0.00787402 0.519685 0.858268 
vn 0.787402 0.267717 0.551181 
vn 0.637795 0.228346 0.732283 
vn 0.80315 0.275591 0.527559 
vn 0.645669 0.244094 0.724409 
vn 0.913386 0.299213 0.283465 
vn 0.913386 0.299213 0.283465 
vn 0.496063 0.787402 0.370079 
vn 0 0.267717 0.96063 
vn 0 -0.00787402 1 
vn -0.00787402 0.503937 0.858268 
vn -0.338583 -0.795276 -0.503937 
vn -0.732283 -0.637795 -0.251969 
vn -0.677165 -0.606299 -0.409449 
vn -0.267717 -0.543307 -0.795276 
vn -0.677165 -0.692913 -0.259843 
vn -0.614173 -0.755906 -0.228346 
vn -0.472441 -0.874016 -0.102362 
vn -0.433071 -0.889764 -0.149606 
vn -0.559055 -0.76378 -0.322835 
vn -0.543307 -0.76378 -0.362205 
vn -0.440945 -0.795276 -0.409449 
vn 0 -0.244094 -0.968504 
vn -0.00787402 0.0314961 -1 
vn 0.00787402 -0.519685 -0.858268 
vn -0.645669 -0.244094 -0.724409 
vn -0.637795 -0.228346 -0.732283 
vn -0.80315 -0.275591 -0.527559 
vn -0.787402 -0.267717 -0.551181 
vn -0.913386 -0.299213 -0.283465 
vn -0.913386 -0.299213 -0.283465 
vn -0.496063 -0.787402 -0.370079 
vn 0 0.00787402 -1 
vn 0 -0.267717 -0.96063 
vn 0.00787402 -0.503937 -0.858268 

vt 0.28223 0.08789 
vt 0.27051 0.08789 
vt 0.27734 0.10156 
vt 0.45313 0.75488 
vt 0.48633 0.80566 
vt 0.47559 0.90723 
vt 0.2832 0.18262 
vt 0.27832 0.23047 
vt 0.28223 0.27246 
vt 0.16504 0.29688 
vt 0.1748 0.30371 
vt 0.14746 0.24902 
vt 0.14941 0.08789 
vt 0.14746 0.10156 
vt 0.27246 0.10156 
vt 0.36621 0.91992 
vt 0.47266 0.91992 
vt 0.3623 0.90723 
vt 0.47656 0.90723 
vt 0.35547 0.90723 
vt 0.34473 0.90918 
vt 0.3623 0.8877 
vt 0.35449 0.86328 
vt 0.06543 0.31934 
vt 0.02441 0.31934 
vt 0.06543 0.30371 
vt 0.01953 0.30371 
vt 0.27832 0.17578 
vt 0.2832 0.18262 
vt 0.27734 0.10156 
vt 0.28223 0.08789 
vt 0.27344 0.17578 
vt 0.27246 0.10156 
vt 0.15039 0.17578 
vt 0.14746 0.10156 
vt 0.27832 0.18262 
vt 0.2832 0.18262 
vt 0.27832 0.17578 
vt 0.27344 0.18262 
vt 0.27344 0.17578 
vt 0.23828 0.18262 
vt 0.22852 0.45996 
vt 0.22852 0.5332 
vt 0.22363 0.45996 
vt 0.22363 0.5332 
vt 0.2373 0.48926 
vt 0.23145 0.5332 
vt 0.22852 0.45996 
vt 0.22852 0.5332 
vt 0.2373 0.5332 
vt 0.24316 0.5332 
vt 0.27344 0.48633 
vt 0.26953 0.53125 
vt 0.27637 0.53125 
vt 0.29199 0.48633 
vt 0.28613 0.53125 
vt 0.29199 0.53125 
vt 0.14941 0.01367 
vt 0.14648 0.02441 
vt 0.26855 0.01367 
vt 0.27148 0.02441 
vt 0.14648 0.02441 
vt 0.14648 0.07129 
vt 0.27148 0.02441 
vt 0.27246 0.07129 
vt 0.14648 0.07129 
vt 0.14844 0.08105 
vt 0.27246 0.07129 
vt 0.27051 0.08105 
vt 0.02344 0.60938 
vt 0.13086 0.60938 
vt 0.00879 0.57813 
vt 0.02441 0.57813 
vt 0.13086 0.57813 
vt 0.4541 0.7207 
vt 0.49219 0.7207 
vt 0.45313 0.75488 
vt 0.48828 0.75488 
vt 0.4541 0.6709 
vt 0.49219 0.6709 
vt 0.11914 0.07031 
vt 0.11035 0.08008 
vt 0.11035 0.03027 
vt 0.12988 0.07031 
vt 0.12598 0.08008 
vt 0.11914 0.08008 
vt 0.2793 0.08105 
vt 0.2832 0.07129 
vt 0.12988 0.02344 
vt 0.12988 0.07031 
vt 0.11914 0.0127 
vt 0.12988 0.02344 
vt 0.11035 0.03027 
vt 0.2832 0.07129 
vt 0.28223 0.02441 
vt 0.28223 0.02441 
vt 0.28125 0.01367 
vt 0.32227 0.50098 
vt 0.32227 0.30371 
vt 0.29199 0.31836 
vt 0.29199 0.27441 
vt 0.31543 0.2832 
vt 0.01172 0.59277 
vt 0.0166 0.60449 
vt 0.11914 0.07031 
vt 0.08984 0.01367 
vt 0.14941 0.08789 
vt 0.27051 0.08789 
vt 0.14941 0.08105 
vt 0.27051 0.08105 
vt 0.11035 0.08008 
vt 0.48828 0.75488 
vt 0.29199 0.48633 
vt 0.29199 0.31836 
vt 0.2373 0.31543 
vt 0.39453 0.6709 
vt 0.39355 0.7207 
vt 0.39453 0.67285 
vt 0.39355 0.75488 
vt 0.39453 0.67285 
vt 0.39355 0.7207 
vt 0.29199 0.48633 
vt 0.39355 0.75488 
vt 0.45313 0.75488 
vt 0.37891 0.67285 
vt 0.0752 0.0957 
vt 0.01953 0.12012 
vt 0.09082 0.18066 
vt 0.01953 0.18066 
vt 0.11914 0.08789 
vt 0.14258 0.10156 
vt 0.1377 0.08789 
vt 0.01953 0.30371 
vt 0.11914 0.18262 
vt 0.11426 0.25488 
vt 0.06641 0.30371 
vt 0.14551 0.18262 
vt 0.1416 0.18262 
vt 0.14258 0.25195 
vt 0.13867 0.25488 
vt 0.15137 0.18262 
vt 0.34473 0.90918 
vt 0.35547 0.90723 
vt 0.34766 0.91895 
vt 0.01953 0.30371 
vt 0.02441 0.31934 
vt 0.06641 0.30371 
vt 0.1377 0.08789 
vt 0.1416 0.18262 
vt 0.14258 0.10156 
vt 0.14551 0.17578 
vt 0.14551 0.17578 
vt 0.1416 0.18262 
vt 0.14551 0.18262 
vt 0.15039 0.17578 
vt 0.15137 0.18262 
vt 0.22363 0.5332 
vt 0.22852 0.5332 
vt 0.22363 0.45996 
vt 0.22852 0.45996 
vt 0.22852 0.5332 
vt 0.23145 0.5332 
vt 0.22852 0.45996 
vt 0.2373 0.48926 
vt 0.22852 0.45996 
vt 0.23145 0.5332 
vt 0.2373 0.5332 
vt 0.24316 0.5332 
vt 0.26953 0.53125 
vt 0.27344 0.48633 
vt 0.27637 0.53125 
vt 0.28613 0.53125 
vt 0.29199 0.48633 
vt 0.29199 0.53125 
vt 0.14551 0.57813 
vt 0.78125 0.99219 
vt 0.76074 0.99219 
vt 0.78125 0.95801 
vt 0.76074 0.95801 
vt 0.76074 0.99219 
vt 0.73047 0.98535 
vt 0.76074 0.95801 
vt 0.73047 0.95801 
vt 0.48828 0.75488 
vt 0.49121 0.7207 
vt 0.45313 0.75488 
vt 0.4541 0.7207 
vt 0.49219 0.6709 
vt 0.4541 0.6709 
vt 0.11035 0.03027 
vt 0.11035 0.08105 
vt 0.11816 0.07129 
vt 0.08203 0.0293 
vt 0.07031 0.07715 
vt 0.08496 0.03711 
vt 0.07324 0.09082 
vt 0.06641 0.10449 
vt 0.05664 0.11035 
vt 0.02246 0.10938 
vt 0.02734 0.08984 
vt 0.06152 0.09082 
vt 0.05957 0.12012 
vt 0.06836 0.1123 
vt 0.06641 0.10449 
vt 0.0752 0.0957 
vt 0.07324 0.09082 
vt 0.01953 0.12012 
vt 0.05664 0.11035 
vt 0.00781 0.0791 
vt 0.01953 0.12012 
vt 0.02246 0.10938 
vt 0.08887 0.03027 
vt 0.08496 0.03711 
vt 0.07324 0.09082 
vt 0.08887 0.03027 
vt 0.01367 0.06055 
vt 0.00879 0.02246 
vt 0.00293 0.01953 
vt 0.01953 0.08301 
vt 0.12207 0.08105 
vt 0.12793 0.08105 
vt 0.13281 0.07031 
vt 0.13672 0.07129 
vt 0.13965 0.08105 
vt 0.12988 0.07129 
vt 0.12988 0.02441 
vt 0.11035 0.03027 
vt 0.12988 0.02441 
vt 0.11816 0.01367 
vt 0.13574 0.02441 
vt 0.13672 0.07129 
vt 0.1377 0.01367 
vt 0.13574 0.02441 
vt 0.29199 0.53125 
vt 0.31543 0.52148 
vt 0.08887 0.03027 
vt 0.08984 0.01367 
vt 0.13867 0.60449 
vt 0.14355 0.59277 
vt 0.11816 0.07129 
vt 0.11914 0.08105 
vt 0.12988 0.07129 
vt 0.33496 0.19629 
vt 0.33496 0.14453 
vt 0.31641 0.19629 
vt 0.31641 0.14453 
vt 0.11035 0.03027 
vt 0.08887 0.03027 
vt 0.11035 0.08105 
vt 0.0752 0.0957 
vt 0.1084 0.30273 
vt 0.1084 0.2793 
vt 0.14551 0.30273 
vt 0.14453 0.28223 
vt 0.18164 0.65234 
vt 0.17773 0.65234 
vt 0.18164 0.64648 
vt 0.1748 0.64551 
vt 0.18164 0.64648 
vt 0.17773 0.65234 
vt 0.12012 0.08105 
vt 0.12012 0.08789 
vt 0.11035 0.08105 
vt 0.48828 0.75488 
vt 0.48535 0.80566 
vt 0.2373 0.48926 
vt 0.46875 0.72461 
vt 0.46973 0.67285 
vt 0.4541 0.6709 
vt 0.4541 0.67285 
vt 0.4541 0.7207 
vt 0.45313 0.75488 
vt 0.4541 0.7207 
vt 0.4541 0.67285 
vt 0.39453 0.76172 
vt 0.37793 0.67383 
vt 0.37793 0.72852 
vt 0.47656 0.90723 
vt 0.3623 0.90723 
vt 0.2373 0.48926 
vt 0.23633 0.45996 
vt 0.22852 0.45996 
vt 0.2373 0.48926 
vt 0.22852 0.45996 
vt 0.23633 0.45996 
vt 0.16016 0.29297 
vt 0.14258 0.25195 
vt 0.13867 0.25488 
vt 0.0918 0.29297 
vt 0.11426 0.25488 
vt 0.06641 0.30371 
vt 0.05469 0.31348 
vt 0.06641 0.30371 
vt 0.02441 0.31934 
vt 0.36816 0.75391 
vt 0.37695 0.75684 
vt 0.27734 0.66992 
vt 0.32129 0.66992 
vt 0.27734 0.68945 
vt 0.32715 0.68945 
vt 0.36621 0.91992 
vt 0.36621 0.96191 
vt 0.37402 0.9668 
vt 0.41309 0.98242 
vt 0.08984 0.30566 
vt 0.07617 0.3252 
vt 0.09863 0.31934 
vt 0.08594 0.3418 
vt 0.09863 0.31934 
vt 0.05957 0.35449 
vt 0.07324 0.35059 
vt 0.47266 0.91992 
vt 0.4668 0.97656 
vt 0.47461 0.97168 
vt 0.06738 0.3457 
vt 0.02344 0.36914 
vt 0.02441 0.31934 
vt 0.05469 0.31348 
vt 0.35449 0.86328 
vt 0.34082 0.88965 
vt 0.36816 0.75391 
vt 0.34082 0.72754 
vt 0.27734 0.78613 
vt 0.27734 0.9375 
vt 0.27734 0.91797 
vt 0.31348 0.92383 
vt 0.32813 0.9043 
vt 0.02441 0.31934 
vt 0.05957 0.35449 
vt 0.05469 0.31348 
vt 0.02344 0.38086 
vt 0.06543 0.31934 
vt 0.0918 0.29297 
vt 0.08984 0.30566 
vt 0.23145 0.26758 
vt 0.23633 0.30371 
vt 0.24023 0.2334 
vt 0.23242 0.20898 
vt 0.23828 0.18262 
vt 0.27246 0.27637 
vt 0.27734 0.28223 
vt 0.27344 0.18262 
vt 0.27832 0.18262 
vt 0.00195 0.96875 
vt 0.30371 0.96875 
vt 0.00195 0.99707 
vt 0.30371 0.99707 
vt 0.00293 0.96094 
vt 0.00293 0.95313 
vt 0.29297 0.96094 
vt 0.29297 0.95313 
vt 0.0127 0.37402 
vt 0.00586 0.37402 
vt 0.0127 0.26367 
vt 0.00586 0.26367 
vt 0.71777 0.98926 
vt 0.71777 0.96094 
vt 0.66797 0.98926 
vt 0.66797 0.96094 
vt 0.66797 0.98926 
vt 0.66797 0.96094 
vt 0.71777 0.98926 
vt 0.71777 0.96094 
vt 0.0127 0.37402 
vt 0.00586 0.37402 
vt 0.0127 0.26367 
vt 0.00586 0.26367 
vt 0.71777 0.98926 
vt 0.71777 0.96094 
vt 0.66797 0.98926 
vt 0.66797 0.96094 
vt 0.66797 0.98926 
vt 0.66797 0.96094 
vt 0.71777 0.98926 
vt 0.71777 0.96094 
vt 0.23633 0.44434 
vt 0.23633 0.36035 
vt 0.19824 0.44434 
vt 0.19824 0.36035 
vt 0.2373 0.36035 
vt 0.19824 0.36035 
vt 0.2373 0.44434 
vt 0.19824 0.44434 
vt 0.15918 0.65723 
vt 0.00781 0.65723 
vt 0.16113 0.66602 
vt 0.00586 0.66602 
vt 0.00488 0.65527 
vt 0.00488 0.66895 
vt 0.16113 0.65527 
vt 0.16113 0.66895 
vt 0.16113 0.65527 
vt 0.00488 0.66895 
vt 0.15918 0.65723 
vt 0.00781 0.65723 
vt 0.16113 0.66602 
vt 0.00586 0.66602 
vt 0.00488 0.65527 
vt 0.00488 0.66895 
vt 0.16113 0.65527 
vt 0.16113 0.66895 
vt 0.17773 0.5127 
vt 0.11133 0.5127 
vt 0.17773 0.56445 
vt 0.11133 0.56445 
vt 0.11133 0.52539 
vt 0.17578 0.52539 
vt 0.11133 0.51172 
vt 0.17578 0.51172 
vt 0.11133 0.5625 
vt 0.17578 0.5625 
vt 0.11133 0.52539 
vt 0.17578 0.52539 
vt 0.09961 0.30762 
vt 0.23242 0.30762 
vt 0.09961 0.31934 
vt 0.23242 0.31934 
vt 0.10059 0.30762 
vt 0.2334 0.30762 
vt 0.10059 0.32031 
vt 0.2334 0.32031 
vt 0.09961 0.31934 
vt 0.23242 0.31934 
vt 0.09961 0.30762 
vt 0.23242 0.30762 
vt 0.10059 0.33594 
vt 0.2334 0.33594 
vt 0.10059 0.32324 
vt 0.2334 0.32324 
vt 0.19238 0.67676 
vt 0.19043 0.57324 
vt 0.2041 0.67676 
vt 0.20605 0.57324 
vt 0.10156 0.53906 
vt 0.05664 0.53223 
vt 0.10156 0.56152 
vt 0.05664 0.5752 
vt 0.10156 0.56152 
vt 0.05664 0.5752 
vt 0.10156 0.53906 
vt 0.05664 0.53223 
vt 0.40234 0.68945 
vt 0.40234 0.71582 
vt 0.44629 0.68945 
vt 0.44629 0.71582 
vt 0.00195 0.96777 
vt 0.30566 0.96777 
vt 0.00195 0.99707 
vt 0.30566 0.99707 
vt 0.29297 0.95996 
vt 0.00293 0.95996 
vt 0.29297 0.95313 
vt 0.00293 0.95313 
vt 0.30957 0.94531 
vt 0.31348 0.99609 
vt 0.30566 0.95703 
vt 0.30566 0.99609 
vt 0.22949 0.32324 
vt 0.2334 0.32324 
vt 0.22949 0.33594 
vt 0.2334 0.33594 
vt 0.2041 0.46875 
vt 0.19238 0.46875 
vt 0.01172 0.56152 
vt 0.01172 0.53906 
vt 0.01172 0.53906 
vt 0.01172 0.56152 
vt 0.51758 0.98633 
vt 0.6416 0.99023 
vt 0.51855 0.98633 
vt 0.64258 0.98535 
vt 0.51855 0.98633 
vt 0.64258 0.98535 
vt 0.51855 0.99121 
vt 0.64258 0.99121 
vt 0.51855 0.99121 
vt 0.64258 0.99121 
vt 0.51758 0.98633 
vt 0.6416 0.99023 
vt 0.21094 0.46387 
vt 0.2168 0.46387 
vt 0.21094 0.5127 
vt 0.2168 0.5127 
vt 0.36133 0.94531 
vt 0.31641 0.94531 
vt 0.36133 0.96191 
vt 0.31641 0.96191 
vt 0.36133 0.99023 
vt 0.31641 0.99023 
vt 0.36133 0.97754 
vt 0.31641 0.97754 
vt 0.36133 0.97754 
vt 0.31641 0.97754 
vt 0.36133 0.96191 
vt 0.31641 0.96191 
vt 0.36133 0.96191 
vt 0.31641 0.96191 
vt 0.36133 0.94531 
vt 0.31641 0.94531 
vt 0.21094 0.46387 
vt 0.2168 0.46387 
vt 0.21094 0.5127 
vt 0.2168 0.5127 
vt 0.31836 0.08594 
vt 0.31445 0.10352 
vt 0.32715 0.08105 
vt 0.33496 0.09375 
vt 0.33496 0.11426 
vt 0.32715 0.12695 
vt 0.31836 0.12207 
vt 0.0791 0.36426 
vt 0.0791 0.37598 
vt 0.13086 0.36426 
vt 0.13086 0.37598 
vt 0.0791 0.35449 
vt 0.0791 0.36426 
vt 0.13086 0.35449 
vt 0.13086 0.36426 
vt 0.0791 0.35449 
vt 0.13086 0.35449 
vt 0.0791 0.36426 
vt 0.13086 0.36426 
vt 0.0791 0.37598 
vt 0.0791 0.36426 
vt 0.13086 0.37598 
vt 0.13086 0.36426 
vt 0.0791 0.38379 
vt 0.0791 0.37598 
vt 0.13086 0.38379 
vt 0.13086 0.37598 
vt 0.31738 0.12402 
vt 0.32715 0.12793 
vt 0.31348 0.10449 
vt 0.31738 0.08594 
vt 0.32715 0.08105 
vt 0.33496 0.09473 
vt 0.33496 0.11523 
vt 0.00781 0.12793 
vt 0.01172 0.12402 
vt 0.00098 0.12207 
vt 0.00293 0.11523 
vt 0.00879 0.22949 
vt 0.0127 0.23242 
vt 0.00586 0.23535 
vt 0.00879 0.24121 
vt 0.00879 0.24121 
vt 0.00781 0.23926 
vt 0.0127 0.23242 
vt 0.00781 0.23926 
vt 0.00586 0.23535 
vt 0.01172 0.23145 
vt 0.00879 0.22949 
vt 0.00586 0.23535 
vt 0.00781 0.23926 
vt 0.00879 0.24121 
vt 0.01465 0.13379 
vt 0.01172 0.14063 
vt 0.00293 0.11523 
vt 0.00195 0.125 
vt 0.01465 0.2207 
vt 0.01172 0.2168 
vt 0.00879 0.24023 
vt 0.00684 0.23242 
vt 0.00684 0.23242 
vt 0.00684 0.23145 
vt 0.01172 0.2168 
vt 0.00684 0.23145 
vt 0.00879 0.24023 
vt 0.01172 0.21582 
vt 0.01465 0.2207 
vt 0.00879 0.24023 
vt 0.00684 0.23145 
vt 0.00684 0.23242 
vt 0.13281 0.19434 
vt 0.12402 0.19434 
vt 0.13281 0.26855 
vt 0.12402 0.26855 
vt 0.0752 0.03223 
vt 0.0752 0.00683999 
vt 0.05176 0.03223 
vt 0.05176 0.00683999 
vt 0.05273 0.03125 
vt 0.05273 0.00585997 
vt 0.07617 0.03125 
vt 0.07617 0.00585997 
vt 0.30566 0.04785 
vt 0.32324 0.07227 
vt 0.32715 0.03711 
vt 0.13672 0.49902 
vt 0.10645 0.49902 
vt 0.13672 0.4668 
vt 0.10645 0.4668 
vt 0.13672 0.4668 
vt 0.10645 0.4668 
vt 0.13672 0.43359 
vt 0.10645 0.43359 
vt 0.13672 0.43359 
vt 0.10645 0.43359 
vt 0.13672 0.40137 
vt 0.10645 0.40137 
vt 0.13672 0.40137 
vt 0.10645 0.40137 
vt 0.13672 0.41602 
vt 0.10645 0.41602 
vt 0.32324 0.07129 
vt 0.32715 0.03613 
vt 0.29883 0.03516 
vt 0.30664 0.08789 
vt 0.31641 0.00781 
vt 0.29785 0.00781 
vt 0.28613 0.03613 
vt 0.29004 0.07129 
vt 0.28613 0.03613 
vt 0.30664 0.08887 
vt 0.31543 0.00781 
vt 0.29688 0.00781 
vt 0.28516 0.03711 
vt 0.29004 0.07227 
vt 0.10156 0.47168 
vt 0.00293 0.47168 
vt 0.10156 0.52148 
vt 0.00293 0.52148 
vt 0.00293 0.45215 
vt 0.00293 0.52734 
vt 0.10156 0.45215 
vt 0.10156 0.52734 
vt 0.28613 0.2002 
vt 0.31348 0.2002 
vt 0.28613 0.12402 
vt 0.31348 0.12402 
vt 0.10156 0.45215 
vt 0.10254 0.39258 
vt 0.00293 0.45215 
vt 0.00293 0.39258 
vt 0.00293 0.45215 
vt 0.10254 0.39258 
vt 0.28613 0.12402 
vt 0.31348 0.12402 
vt 0.28613 0.2002 
vt 0.31348 0.2002 
vt 0.16895 0.61426 
vt 0.15137 0.61426 
vt 0.16895 0.57227 
vt 0.15137 0.57227 
vt 0.16895 0.61426 
vt 0.15137 0.61426 
vt 0.16895 0.57227 
vt 0.15137 0.57227 
vt 0.16895 0.61426 
vt 0.15137 0.61426 
vt 0.16895 0.57227 
vt 0.15137 0.57227 
vt 0.16895 0.61426 
vt 0.15137 0.61426 
vt 0.16895 0.57227 
vt 0.15137 0.57227 
vt 0.16895 0.61426 
vt 0.15137 0.61426 
vt 0.16895 0.57227 
vt 0.15137 0.57227 
vt 0.16895 0.61426 
vt 0.15137 0.61426 
vt 0.16895 0.57227 
vt 0.15137 0.57227 
vt 0.16895 0.61426 
vt 0.15137 0.61426 
vt 0.16895 0.57227 
vt 0.15137 0.57227 
vt 0.16895 0.61426 
vt 0.15137 0.61426 
vt 0.16895 0.57227 
vt 0.15137 0.57227 
vt 0.16895 0.61426 
vt 0.15137 0.61426 
vt 0.16895 0.57227 
vt 0.15137 0.57227 
vt 0.24316 0.53613 
vt 0.22461 0.54785 
vt 0.26172 0.54785 
vt 0.27344 0.58008 
vt 0.27344 0.61914 
vt 0.26172 0.65039 
vt 0.24316 0.66211 
vt 0.22461 0.65039 
vt 0.21289 0.61914 
vt 0.21289 0.58008 
vt 0.00586 0.66602 
vt 0.00781 0.65723 
vt 0.16113 0.66602 
vt 0.15918 0.65723 
vt 0.15918 0.65723 
vt 0.00781 0.65723 
vt 0.16113 0.66602 
vt 0.00586 0.66602 
vt 0.00684 0.6416 
vt 0.15918 0.6416 
vt 0.00684 0.65527 
vt 0.15918 0.65527 
vt 0.00488 0.66895 
vt 0.00684 0.6416 
vt 0.00488 0.65527 
vt 0.00684 0.65527 
vt 0.15918 0.6416 
vt 0.16113 0.66895 
vt 0.15918 0.65527 
vt 0.16113 0.65527 
vt 0.03906 0.65723 
vt 0.15918 0.65723 
vt 0.04004 0.66602 
vt 0.16113 0.66602 
vt 0.03613 0.65723 
vt 0.03809 0.66602 
vt 0.15918 0.65723 
vt 0.16113 0.66602 
vt 0.13086 0.62012 
vt 0.00684 0.62012 
vt 0.12793 0.63379 
vt 0.00684 0.63379 
vt 0.00195 0.66895 
vt 0.00488 0.66895 
vt 0.00195 0.65527 
vt 0.00488 0.65527 
vt 0.16211 0.66895 
vt 0.16406 0.66895 
vt 0.16211 0.65527 
vt 0.16406 0.65527 
vt 0.21094 0.46387 
vt 0.2168 0.46387 
vt 0.21094 0.5127 
vt 0.2168 0.5127 
vt 0.21094 0.46387 
vt 0.2168 0.46387 
vt 0.21094 0.5127 
vt 0.2168 0.5127 
vt 0.00293 0.11523 
vt 0.01172 0.12402 
vt 0.00098 0.12207 
vt 0.00781 0.12793 
vt 0.0127 0.23242 
vt 0.00879 0.22949 
vt 0.00195 0.125 
vt 0.01172 0.14063 
vt 0.00293 0.11523 
vt 0.01465 0.13379 
vt 0.01172 0.2168 
vt 0.01465 0.2207 
vt 0.15137 0.57129 
vt 0.15137 0.61426 
vt 0.18555 0.57129 
vt 0.18555 0.61426 
vt 0.15137 0.57129 
vt 0.15137 0.61426 
vt 0.18555 0.57129 
vt 0.18555 0.61426 
vt 0.15137 0.57129 
vt 0.15137 0.61426 
vt 0.18555 0.57129 
vt 0.18555 0.61426 
vt 0.15137 0.57129 
vt 0.15137 0.61426 
vt 0.18555 0.57129 
vt 0.18555 0.61426 
vt 0.15137 0.57129 
vt 0.15137 0.61426 
vt 0.18555 0.57129 
vt 0.18555 0.61426 
vt 0.15137 0.57129 
vt 0.15137 0.61426 
vt 0.18555 0.57129 
vt 0.18555 0.61426 
vt 0.15137 0.57129 
vt 0.15137 0.61426 
vt 0.18555 0.57129 
vt 0.18555 0.61426 
vt 0.15137 0.57129 
vt 0.15137 0.61426 
vt 0.18555 0.57129 
vt 0.18555 0.61426 
vt 0.15137 0.57129 
vt 0.15137 0.61426 
vt 0.18555 0.57129 
vt 0.18555 0.61426 
vt 0.15137 0.57129 
vt 0.15137 0.61426 
vt 0.18555 0.57129 
vt 0.18555 0.61426 
vt 0.13867 0.4209 
vt 0.14941 0.39258 
vt 0.13867 0.45605 
vt 0.14941 0.48438 
vt 0.16602 0.49512 
vt 0.18359 0.48438 
vt 0.19336 0.45605 
vt 0.19336 0.4209 
vt 0.18359 0.39258 
vt 0.16602 0.38184 
vt 0.16895 0.61426 
vt 0.15137 0.61426 
vt 0.16895 0.57227 
vt 0.15137 0.57227 
vt 0.16895 0.61426 
vt 0.15137 0.61426 
vt 0.16895 0.57227 
vt 0.15137 0.57227 
vt 0.16895 0.61426 
vt 0.15137 0.61426 
vt 0.16895 0.57227 
vt 0.15137 0.57227 
vt 0.16895 0.61426 
vt 0.15137 0.61426 
vt 0.16895 0.57227 
vt 0.15137 0.57227 
vt 0.16895 0.61426 
vt 0.15137 0.61426 
vt 0.16895 0.57227 
vt 0.15137 0.57227 
vt 0.16895 0.61426 
vt 0.15137 0.61426 
vt 0.16895 0.57227 
vt 0.15137 0.57227 
vt 0.16895 0.61426 
vt 0.15137 0.61426 
vt 0.16895 0.57227 
vt 0.15137 0.57227 
vt 0.16895 0.61426 
vt 0.15137 0.61426 
vt 0.16895 0.57227 
vt 0.15137 0.57227 
vt 0.16895 0.61426 
vt 0.15137 0.61426 
vt 0.16895 0.57227 
vt 0.15137 0.57227 
vt 0.16895 0.61426 
vt 0.15137 0.61426 
vt 0.16895 0.57227 
vt 0.15137 0.57227 
vt 0.28516 0.5459 
vt 0.30371 0.53418 
vt 0.27344 0.57715 
vt 0.27344 0.61621 
vt 0.28516 0.64746 
vt 0.30371 0.65918 
vt 0.32227 0.64746 
vt 0.33301 0.61621 
vt 0.33301 0.57715 
vt 0.32227 0.5459 
vt 0.15137 0.57227 
vt 0.15137 0.61426 
vt 0.16895 0.57227 
vt 0.16895 0.61426 
vt 0.15137 0.57227 
vt 0.15137 0.61426 
vt 0.16895 0.57227 
vt 0.16895 0.61426 
vt 0.15137 0.57227 
vt 0.15137 0.61426 
vt 0.16895 0.57227 
vt 0.16895 0.61426 
vt 0.15137 0.57227 
vt 0.15137 0.61426 
vt 0.16895 0.57227 
vt 0.16895 0.61426 
vt 0.15137 0.57227 
vt 0.15137 0.61426 
vt 0.16895 0.57227 
vt 0.16895 0.61426 
vt 0.15137 0.57227 
vt 0.15137 0.61426 
vt 0.16895 0.57227 
vt 0.16895 0.61426 
vt 0.15137 0.57227 
vt 0.15137 0.61426 
vt 0.16895 0.57227 
vt 0.16895 0.61426 
vt 0.13867 0.4209 
vt 0.14941 0.39258 
vt 0.13867 0.45605 
vt 0.14941 0.48438 
vt 0.16602 0.49512 
vt 0.18359 0.48438 
vt 0.19336 0.45605 
vt 0.19336 0.4209 
vt 0.18359 0.39258 
vt 0.16602 0.38184 
vt 0.18555 0.61426 
vt 0.15137 0.61426 
vt 0.18555 0.57129 
vt 0.15137 0.57129 
vt 0.18555 0.61426 
vt 0.15137 0.61426 
vt 0.18555 0.57129 
vt 0.15137 0.57129 
vt 0.18555 0.61426 
vt 0.15137 0.61426 
vt 0.18555 0.57129 
vt 0.15137 0.57129 
vt 0.18555 0.61426 
vt 0.15137 0.61426 
vt 0.18555 0.57129 
vt 0.15137 0.57129 
vt 0.18555 0.61426 
vt 0.15137 0.61426 
vt 0.18555 0.57129 
vt 0.15137 0.57129 
vt 0.18555 0.61426 
vt 0.15137 0.61426 
vt 0.18555 0.57129 
vt 0.15137 0.57129 
vt 0.18555 0.61426 
vt 0.15137 0.61426 
vt 0.18555 0.57129 
vt 0.15137 0.57129 
vt 0.18555 0.61426 
vt 0.15137 0.61426 
vt 0.18555 0.57129 
vt 0.15137 0.57129 
vt 0.18555 0.61426 
vt 0.15137 0.61426 
vt 0.18555 0.57129 
vt 0.15137 0.57129 
vt 0.18555 0.61426 
vt 0.15137 0.61426 
vt 0.18555 0.57129 
vt 0.15137 0.57129 
vt 0.22461 0.54883 
vt 0.24316 0.53711 
vt 0.21387 0.58008 
vt 0.21387 0.61816 
vt 0.22461 0.64941 
vt 0.24316 0.66113 
vt 0.26172 0.64941 
vt 0.27344 0.61816 
vt 0.27344 0.58008 
vt 0.26172 0.54883 
vt 0.64941 0.54102 
vt 0.65332 0.54102 
vt 0.64941 0.58008 
vt 0.65332 0.58008 
vt 0.65332 0.54102 
vt 0.65723 0.54102 
vt 0.65332 0.58008 
vt 0.65723 0.58008 
vt 0.65723 0.54102 
vt 0.66211 0.54102 
vt 0.65723 0.58008 
vt 0.66211 0.58008 
vt 0.64941 0.6377 
vt 0.65332 0.6377 
vt 0.64941 0.54102 
vt 0.65332 0.54102 
vt 0.65332 0.6377 
vt 0.65723 0.6377 
vt 0.65332 0.54102 
vt 0.65723 0.54102 
vt 0.65723 0.6377 
vt 0.66211 0.6377 
vt 0.65723 0.54102 
vt 0.66211 0.54102 
vt 0.64941 0.59473 
vt 0.65332 0.59473 
vt 0.64941 0.6377 
vt 0.65332 0.6377 
vt 0.65332 0.59473 
vt 0.65723 0.59473 
vt 0.65332 0.6377 
vt 0.65723 0.6377 
vt 0.65723 0.59473 
vt 0.66211 0.59473 
vt 0.65723 0.6377 
vt 0.66211 0.6377 
vt 0.30957 0.20801 
vt 0.3252 0.20801 
vt 0.30957 0.26758 
vt 0.3252 0.26758 
vt 0.30078 0.2373 
vt 0.29297 0.20801 
vt 0.30762 0.20801 
vt 0.30762 0.26758 
vt 0.29297 0.26758 
vt 0.65332 0.58008 
vt 0.65332 0.54102 
vt 0.64941 0.58008 
vt 0.64941 0.54102 
vt 0.65723 0.58008 
vt 0.65723 0.54102 
vt 0.65332 0.58008 
vt 0.65332 0.54102 
vt 0.66211 0.58008 
vt 0.66211 0.54102 
vt 0.65723 0.58008 
vt 0.65723 0.54102 
vt 0.65332 0.54102 
vt 0.65332 0.6377 
vt 0.64941 0.54102 
vt 0.64941 0.6377 
vt 0.65723 0.54102 
vt 0.65723 0.6377 
vt 0.65332 0.54102 
vt 0.65332 0.6377 
vt 0.66211 0.54102 
vt 0.66211 0.6377 
vt 0.65723 0.54102 
vt 0.65723 0.6377 
vt 0.65332 0.6377 
vt 0.65332 0.59473 
vt 0.64941 0.6377 
vt 0.64941 0.59473 
vt 0.65723 0.6377 
vt 0.65723 0.59473 
vt 0.65332 0.6377 
vt 0.65332 0.59473 
vt 0.66211 0.6377 
vt 0.66211 0.59473 
vt 0.65723 0.6377 
vt 0.65723 0.59473 
vt 0.30762 0.20801 
vt 0.29297 0.20801 
vt 0.30078 0.2373 
vt 0.30762 0.26758 
vt 0.29297 0.26758 
vt 0.50293 0.96191 
vt 0.47852 0.96191 
vt 0.49023 0.97754 
vt 0.50293 0.99414 
vt 0.50293 0.96191 
vt 0.49023 0.97754 
vt 0.47852 0.99414 
vt 0.50293 0.99414 
vt 0.49023 0.97754 
vt 0.47852 0.96191 
vt 0.47852 0.99414 
vt 0.49023 0.97754 
vt 0.00586 0.66602 
vt 0.00781 0.65723 
vt 0.00586 0.66602 
vt 0.00781 0.65723 
vt 0.15918 0.62012 
vt 0.15918 0.63379 
vt 0.19238 0.67676 
vt 0.19043 0.57324 
vt 0.2041 0.67676 
vt 0.20605 0.57324 
vt 0.10156 0.53906 
vt 0.05664 0.53223 
vt 0.10156 0.56152 
vt 0.05664 0.5752 
vt 0.10156 0.56152 
vt 0.05664 0.5752 
vt 0.10156 0.53906 
vt 0.05664 0.53223 
vt 0.2041 0.46875 
vt 0.19238 0.46875 
vt 0.01172 0.56152 
vt 0.01172 0.53906 
vt 0.01172 0.53906 
vt 0.01172 0.56152 
vt 0.15137 0.57129 
vt 0.15137 0.61426 
vt 0.18555 0.57129 
vt 0.18555 0.61426 
vt 0.15137 0.57129 
vt 0.15137 0.61426 
vt 0.18555 0.57129 
vt 0.18555 0.61426 
vt 0.15137 0.57129 
vt 0.15137 0.61426 
vt 0.18555 0.57129 
vt 0.18555 0.61426 
vt 0.15137 0.57129 
vt 0.15137 0.61426 
vt 0.18555 0.57129 
vt 0.18555 0.61426 
vt 0.15137 0.57129 
vt 0.15137 0.61426 
vt 0.18555 0.57129 
vt 0.18555 0.61426 
vt 0.15137 0.57129 
vt 0.15137 0.61426 
vt 0.18555 0.57129 
vt 0.18555 0.61426 
vt 0.15137 0.57129 
vt 0.15137 0.61426 
vt 0.18555 0.57129 
vt 0.18555 0.61426 
vt 0.15137 0.57129 
vt 0.15137 0.61426 
vt 0.18555 0.57129 
vt 0.18555 0.61426 
vt 0.15137 0.57129 
vt 0.15137 0.61426 
vt 0.18555 0.57129 
vt 0.18555 0.61426 
vt 0.15137 0.57129 
vt 0.15137 0.61426 
vt 0.18555 0.57129 
vt 0.18555 0.61426 
vt 0.13867 0.4209 
vt 0.14941 0.39258 
vt 0.13867 0.45605 
vt 0.14941 0.48438 
vt 0.16602 0.49512 
vt 0.18359 0.48438 
vt 0.19336 0.45605 
vt 0.19336 0.4209 
vt 0.18359 0.39258 
vt 0.16602 0.38184 
vt 0.18555 0.61426 
vt 0.15137 0.61426 
vt 0.18555 0.57129 
vt 0.15137 0.57129 
vt 0.18555 0.61426 
vt 0.15137 0.61426 
vt 0.18555 0.57129 
vt 0.15137 0.57129 
vt 0.18555 0.61426 
vt 0.15137 0.61426 
vt 0.18555 0.57129 
vt 0.15137 0.57129 
vt 0.18555 0.61426 
vt 0.15137 0.61426 
vt 0.18555 0.57129 
vt 0.15137 0.57129 
vt 0.18555 0.61426 
vt 0.15137 0.61426 
vt 0.18555 0.57129 
vt 0.15137 0.57129 
vt 0.18555 0.61426 
vt 0.15137 0.61426 
vt 0.18555 0.57129 
vt 0.15137 0.57129 
vt 0.18555 0.61426 
vt 0.15137 0.61426 
vt 0.18555 0.57129 
vt 0.15137 0.57129 
vt 0.18555 0.61426 
vt 0.15137 0.61426 
vt 0.18555 0.57129 
vt 0.15137 0.57129 
vt 0.18555 0.61426 
vt 0.15137 0.61426 
vt 0.18555 0.57129 
vt 0.15137 0.57129 
vt 0.18555 0.61426 
vt 0.15137 0.61426 
vt 0.18555 0.57129 
vt 0.15137 0.57129 
vt 0.22461 0.54883 
vt 0.24316 0.53711 
vt 0.21387 0.58008 
vt 0.21387 0.61816 
vt 0.22461 0.64941 
vt 0.24316 0.66113 
vt 0.26172 0.64941 
vt 0.27344 0.61816 
vt 0.27344 0.58008 
vt 0.26172 0.54883 
vt 0.8125 0.21191 
vt 0.66797 0.19434 
vt 0.66797 0.01465 
vt 0.27246 0.67578 
vt 0.27246 0.94238 
vt 0.13086 0.67578 
vt 0.50195 0.95605 
vt 0.53223 0.97168 
vt 0.49512 0.84082 
vt 0.99121 0.65723 
vt 0.99121 0.96289 
vt 0.83594 0.6582 
vt 0.53223 0.97168 
vt 0.64941 0.97168 
vt 0.49512 0.84082 
vt 0.49512 0.66602 
vt 0.64941 0.66602 
vt 0.99219 0.01465 
vt 0.99219 0.2002 
vt 0.88281 0.21387 
vt 0.69434 0.31348 
vt 0.7373 0.3125 
vt 0.79785 0.3125 
vt 0.8584 0.3125 
vt 0.90625 0.31055 
vt 0.97949 0.31152 
vt 0.83691 0.0127 
vt 0.66602 0.39063 
vt 0.69336 0.32715 
vt 0.73633 0.31348 
vt 0.66602 0.63867 
vt 0.7666 0.63867 
vt 0.79785 0.31543 
vt 0.87402 0.63867 
vt 0.85742 0.31641 
vt 0.99219 0.63867 
vt 0.90625 0.31738 
vt 0.99219 0.41797 
vt 0.8291 0.97852 
vt 0.83594 0.83789 
vt 0.88672 0.96191 
vt 0.98047 0.32324 
vt 0.00293 0.67578 
vt 0.00293 0.94238 
vt 0.06445 0.30273 
vt 0.10352 0.27148 
vt 0.06641 0.18262 
vt 0.11816 0.18262 
vt 0.09863 0.30273 
vt 0.16992 0.66016 
vt 0.18164 0.66211 
vt 0.17188 0.63281 
vt 0.18262 0.63672 
vt 0.16992 0.6582 
vt 0.18359 0.6543 
vt 0.1709 0.63965 
vt 0.18359 0.63965 
vt 0.18066 0.63379 
vt 0.18262 0.65918 
vt 0.18262 0.65625 
vt 0.16992 0.6582 
vt 0.18262 0.65625 
vt 0.18359 0.6543 
vt 0.16992 0.6582 
vt 0.27734 0.28223 
vt 0.27832 0.23047 
vt 0.2832 0.18262 
vt 0.27246 0.27637 
vt 0.27344 0.18262 
vt 0.30566 0.04785 
vt 0.32324 0.07227 
vt 0.32715 0.03711 
vt 0.13672 0.49902 
vt 0.10645 0.49902 
vt 0.13672 0.4668 
vt 0.10645 0.4668 
vt 0.13672 0.4668 
vt 0.10645 0.4668 
vt 0.13672 0.43359 
vt 0.10645 0.43359 
vt 0.13672 0.43359 
vt 0.10645 0.43359 
vt 0.13672 0.40137 
vt 0.10645 0.40137 
vt 0.13672 0.40137 
vt 0.10645 0.40137 
vt 0.13672 0.41602 
vt 0.10645 0.41602 
vt 0.32324 0.07129 
vt 0.32715 0.03613 
vt 0.29883 0.03516 
vt 0.30664 0.08789 
vt 0.31641 0.00781 
vt 0.29785 0.00781 
vt 0.28613 0.03613 
vt 0.29004 0.07129 
vt 0.30664 0.08887 
vt 0.31543 0.00781 
vt 0.29688 0.00781 
vt 0.28516 0.03711 
vt 0.29004 0.07227 
vt 0.98047 0.31055 
vt 0.88477 0.30859 
vt 0.98047 0.0166 
vt 0.66895 0.0166 
vt 0.66895 0.31055 
vt 0.78223 0.32031 
vt 0.00391 0.63574 
vt 0.00488 0.64258 
vt 0.00684 0.63574 
vt 0.1582 0.63574 
vt 0.00684 0.63574 
vt 0.16016 0.63574 
vt 0.00684 0.63574 
vt 0.00488 0.64258 
vt 0.16016 0.63574 
vt 0.16016 0.63574 
vt 0.00488 0.64258 
vt 0.16016 0.64258 
vt 0.00391 0.63477 
vt 0.00391 0.6416 
vt 0.00684 0.63477 
vt 0.1582 0.63477 
vt 0.00684 0.63477 
vt 0.16016 0.63477 
vt 0.00684 0.63477 
vt 0.00391 0.6416 
vt 0.16016 0.63477 
vt 0.16016 0.63477 
vt 0.00391 0.6416 
vt 0.16016 0.6416 
vt 0.21875 0.6377 
vt 0.2334 0.66113 
vt 0.21289 0.59863 
vt 0.21875 0.55957 
vt 0.2334 0.53613 
vt 0.25293 0.53613 
vt 0.26758 0.55957 
vt 0.27344 0.59863 
vt 0.26758 0.6377 
vt 0.25293 0.66113 
vt 0.2793 0.63574 
vt 0.2959 0.65918 
vt 0.27344 0.59863 
vt 0.27832 0.55957 
vt 0.29395 0.53516 
vt 0.31348 0.53418 
vt 0.3291 0.55762 
vt 0.33496 0.59473 
vt 0.33008 0.63379 
vt 0.31445 0.6582 
vt 0.00879 0.08105 
vt 0.02148 0.08496 
vt 0.02051 0.12109 
vt 0.0293 0.0918 
vt 0.02051 0.12109 
vt 0.02148 0.08496 
vt 0.01465 0.0625 
vt 0.02148 0.08496 
vt 0.00879 0.08105 
vt 0.00879 0.08105 
vt 0.00391 0.02148 
vt 0.01465 0.0625 
vt 0.01074 0.02441 
vt 0.08203 0.03125 
vt 0.08984 0.01563 
vt 0.07129 0.0791 
vt 0.07129 0.0791 
vt 0.08984 0.01563 
vt 0.11035 0.08203 
vt 0.11035 0.03223 
vt 0.02051 0.12109 
vt 0.06641 0.30371 
vt 0.02051 0.18164 
vt 0.02051 0.30371 
vt 0.02051 0.18164 
vt 0.06641 0.30371 
vt 0.11914 0.18359 
vt 0.09961 0.30371 
vt 0.06836 0.18359 
vt 0.06641 0.30371 
vt 0.06836 0.18359 
vt 0.11035 0.08203 
vt 0.11914 0.18359 
vt 0.11914 0.08887 
vt 0.11914 0.18359 
vt 0.11035 0.08203 
vt 0.06152 0.0918 
vt 0.07129 0.0791 
vt 0.11035 0.08203 
vt 0.06152 0.0918 
vt 0.06836 0.18359 
vt 0.02051 0.12109 
vt 0.06152 0.0918 
vt 0.0293 0.0918 
vt 0.06152 0.0918 
vt 0.02051 0.12109 
vt 0.02051 0.12109 
vt 0.06836 0.18359 
vt 0.06641 0.30371 
vt 0.12012 0.08887 
vt 0.11914 0.08887 
vt 0.12012 0.08203 
vt 0.11035 0.08203 
vt 0.12012 0.08203 
vt 0.11914 0.08887 
vt 0.29199 0.48633 
vt 0.27344 0.48633 
vt 0.2373 0.31543 
vt 0.2373 0.48926 
vt 0.2373 0.31543 
vt 0.27344 0.48633 
vt 0.03125 0.00585997 
vt 0.03125 0.03223 
vt 0.05273 0.00585997 
vt 0.05273 0.03223 
vt 0.16895 0.57227 
vt 0.15137 0.61426 
vt 0.16895 0.61426 
vt 0.15137 0.57227 
vt 0.13086 0.38379 
vt 0.13086 0.36914 
vt 0.07813 0.38379 
vt 0.07813 0.36914 
vt 0.14063 0.47266 
vt 0.1543 0.49512 
vt 0.1377 0.43652 
vt 0.14551 0.40137 
vt 0.16211 0.38086 
vt 0.17969 0.38184 
vt 0.19336 0.4043 
vt 0.19629 0.44043 
vt 0.18848 0.47559 
vt 0.17188 0.49609 
vt 0.19336 0.45605 
vt 0.18359 0.48438 
vt 0.19336 0.45605 
vt 0.18359 0.48438 
vt 0.19336 0.4209 
vt 0.19336 0.45605 
vt 0.19336 0.4209 
vt 0.19336 0.45605 
vt 0.18359 0.39258 
vt 0.19336 0.4209 
vt 0.18359 0.39258 
vt 0.19336 0.4209 
vt 0.27832 0.63477 
vt 0.29395 0.65723 
vt 0.27246 0.59668 
vt 0.27832 0.55957 
vt 0.29395 0.53613 
vt 0.31348 0.53613 
vt 0.3291 0.55957 
vt 0.33496 0.59668 
vt 0.3291 0.63477 
vt 0.31348 0.65723 
vt 0.00195 0.99121 
vt 0.30566 0.99121 
vt 0.00195 0.96777 
vt 0.30566 0.96777 
vt 0.00195 0.99609 
vt 0.30566 0.99609 
vt 0.00195 0.96777 
vt 0.30566 0.96777 
vt 0.00586 0.66602 
vt 0.04004 0.66602 
vt 0.16406 0.65527 
vt 0.16406 0.65527 
vt 0.04004 0.66602 
vt 0.03809 0.66602 
vt 0.03809 0.66602 
vt 0.04004 0.66602 
vt 0.16113 0.66602 
vt 0.00195 0.66895 
vt 0.00586 0.66602 
vt 0.00488 0.66895 
vt 0.16113 0.65527 
vt 0.16113 0.66602 
vt 0.16113 0.65527 
vt 0.00488 0.66895 
vt 0.31348 0.95801 
vt 0.31055 0.95801 
vt 0.31348 0.96875 
vt 0.31055 0.96875 
vt 0.30469 0.99707 
vt 0.31152 0.99707 
vt 0.30469 0.96777 
vt 0.31152 0.95898 
vt 0.14355 0.47559 
vt 0.1582 0.49414 
vt 0.13672 0.44238 
vt 0.14063 0.4082 
vt 0.1543 0.38477 
vt 0.17188 0.38184 
vt 0.1875 0.40039 
vt 0.19434 0.43359 
vt 0.18945 0.46777 
vt 0.17676 0.49121 
vt 0.14258 0.47461 
vt 0.15625 0.49512 
vt 0.13672 0.43945 
vt 0.14258 0.40527 
vt 0.15625 0.38379 
vt 0.1748 0.38379 
vt 0.18945 0.40527 
vt 0.19531 0.43945 
vt 0.18945 0.47461 
vt 0.1748 0.49512 
vt 0.00391 0.4707 
vt 0.10059 0.4707 
vt 0.00391 0.52637 
vt 0.10156 0.52734 
vt 0.00391 0.52637 
vt 0.10059 0.4707 
vt 0.30957 0.20801 
vt 0.32422 0.20801 
vt 0.30957 0.26758 
vt 0.32422 0.26758 
vt 0.31055 0.20605 
vt 0.32422 0.20605 
vt 0.31055 0.2666 
vt 0.32422 0.2666 
vt 0.2168 0.5127 
vt 0.2168 0.46387 
vt 0.21094 0.5127 
vt 0.21094 0.46387 
vt 0.2168 0.5127 
vt 0.2168 0.46387 
vt 0.21094 0.5127 
vt 0.21094 0.46387 
vt 0.2168 0.5127 
vt 0.2168 0.46387 
vt 0.21094 0.5127 
vt 0.21094 0.46387 
vt 0.2168 0.5127 
vt 0.2168 0.46387 
vt 0.21094 0.5127 
vt 0.21094 0.46387 
vt 0.17871 0.64258 
vt 0.17383 0.64453 
vt 0.17383 0.64648 
vt 0.17871 0.65137 
vt 0.17871 0.64258 
vt 0.17383 0.64648 
vt 0.17969 0.65527 
vt 0.17871 0.65137 
vt 0.17969 0.65527 
vt 0.17969 0.65527 
vt 0.17871 0.65137 
vt 0.17773 0.65332 
vt 0.17773 0.65332 
vt 0.17871 0.65137 
vt 0.1748 0.65234 
vt 0.1748 0.65234 
vt 0.17871 0.65137 
vt 0.1748 0.65137 
vt 0.1748 0.65137 
vt 0.17871 0.65137 
vt 0.17383 0.64648 
vt 0.25684 0.27051 
vt 0.23145 0.26758 
vt 0.23633 0.30371 
vt 0.24023 0.2334 
vt 0.27344 0.18262 
vt 0.23242 0.20898 
vt 0.23828 0.18262 
vt 0.27148 0.30371 
vt 0.27246 0.27637 
vt 0.27832 0.23047 
vt 0.23633 0.30371 
vt 0.23145 0.26758 
vt 0.25684 0.27051 
vt 0.24023 0.2334 
vt 0.23242 0.20898 
vt 0.27344 0.18262 
vt 0.23828 0.18262 
vt 0.27148 0.30371 
vt 0.27832 0.23047 
vt 0.27246 0.27637 
vt 0.36035 0.66992 
vt 0.3623 0.68164 
vt 0.35449 0.6709 
vt 0.35547 0.66113 
vt 0.36816 0.75391 
vt 0.37695 0.75684 
vt 0.34082 0.68945 
vt 0.33789 0.66992 
vt 0.34082 0.72754 
vt 0.32715 0.68945 
vt 0.32129 0.66992 
vt 0.33789 0.66992 
vt 0.33594 0.6709 
vt 0.33984 0.66113 
vt 0.27734 0.30371 
vt 0.28125 0.30371 
vt 0.27734 0.28223 
vt 0.28223 0.27246 
vt 0.27148 0.30371 
vt 0.27246 0.27637 
vt 0.36816 0.75391 
vt 0.32031 0.6709 
vt 0.32129 0.66992 
vt 0.32031 0.66113 
vt 0.35449 0.6709 
vt 0.3623 0.68164 
vt 0.36035 0.66992 
vt 0.35547 0.66113 
vt 0.37695 0.75684 
vt 0.36816 0.75391 
vt 0.33789 0.66992 
vt 0.34082 0.68945 
vt 0.32715 0.68945 
vt 0.34082 0.72754 
vt 0.32129 0.66992 
vt 0.33594 0.6709 
vt 0.33789 0.66992 
vt 0.33984 0.66113 
vt 0.28223 0.27246 
vt 0.28125 0.30371 
vt 0.27734 0.28223 
vt 0.27734 0.30371 
vt 0.27246 0.27637 
vt 0.27148 0.30371 
vt 0.36816 0.75391 
vt 0.32129 0.66992 
vt 0.32031 0.6709 
vt 0.32031 0.66113 

usemtl Meshpart1Mtl

f 1/1/1 2/2/2 3/3/3 
f 4/4/4 5/5/5 6/6/6 
f 7/7/7 8/8/8 9/9/9 
f 10/10/10 11/11/11 12/12/12 
f 13/13/13 14/14/14 15/15/15 
f 16/16/16 17/17/17 18/18/18 
f 19/19/19 18/18/18 17/17/17 
f 20/20/20 21/21/21 22/22/22 
f 23/23/23 22/22/22 21/21/21 
f 24/24/24 25/25/25 26/26/26 
f 27/27/27 26/26/26 25/25/25 
f 28/28/28 29/29/29 30/30/30 
f 31/31/31 30/30/30 29/29/29 
f 32/32/32 28/28/28 33/33/33 
f 30/30/30 33/33/33 28/28/28 
f 34/34/34 32/32/32 35/35/35 
f 33/33/33 35/35/35 32/32/32 
f 36/36/36 37/37/37 38/38/38 
f 39/39/39 36/36/36 40/40/40 
f 38/38/38 40/40/40 36/36/36 
f 39/39/39 40/40/40 41/41/41 
f 42/42/42 43/43/43 44/44/44 
f 45/45/45 44/44/44 43/43/43 
f 46/46/46 47/47/47 48/48/48 
f 49/49/49 48/48/48 47/47/47 
f 47/47/47 46/46/46 50/50/50 
f 50/50/50 46/46/46 51/51/51 
f 52/52/52 53/53/53 46/46/46 
f 51/51/51 46/46/46 53/53/53 
f 53/53/53 52/52/52 54/54/54 
f 55/55/55 56/56/56 52/52/52 
f 54/54/54 52/52/52 56/56/56 
f 56/56/56 55/55/55 57/57/57 
f 58/58/58 59/59/59 60/60/60 
f 61/61/61 60/60/60 59/59/59 
f 62/62/62 63/63/63 64/64/64 
f 65/65/65 64/64/64 63/63/63 
f 66/66/66 67/67/67 68/68/68 
f 69/69/69 68/68/68 67/67/67 
f 70/70/70 71/71/71 72/72/72 
f 72/72/72 71/71/71 73/73/73 
f 73/73/73 71/71/71 74/74/74 
f 75/75/75 76/76/76 77/77/77 
f 78/78/78 77/77/77 76/76/76 
f 79/79/79 80/80/80 75/75/75 
f 76/76/76 75/75/75 80/80/80 
f 81/81/81 82/82/82 83/83/83 
f 84/84/84 85/85/85 86/86/86 
f 69/69/69 87/87/87 68/68/68 
f 88/88/88 68/68/68 87/87/87 
f 89/89/89 90/90/90 81/81/81 
f 91/91/91 92/92/92 93/93/93 
f 65/65/65 94/94/94 64/64/64 
f 95/95/95 64/64/64 94/94/94 
f 61/61/61 96/96/96 60/60/60 
f 97/97/97 60/60/60 96/96/96 
f 98/98/98 99/99/99 100/100/100 
f 101/101/101 100/100/100 99/99/99 
f 101/101/101 99/99/99 102/102/102 
f 89/89/89 81/81/81 83/83/83 
f 103/103/103 104/104/104 70/70/70 
f 84/84/84 86/86/86 105/105/105 
f 2/2/2 13/13/13 3/3/3 
f 15/15/15 3/3/3 13/13/13 
f 91/91/91 93/93/93 106/106/106 
f 107/107/107 108/108/108 109/109/109 
f 110/110/110 109/109/109 108/108/108 
f 111/111/111 105/105/105 86/86/86 
f 72/72/72 103/103/103 70/70/70 
f 112/112/112 5/5/5 4/4/4 
f 113/113/113 114/114/114 115/115/115 
f 116/116/116 117/117/117 118/118/118 
f 119/119/119 120/120/120 121/121/121 
f 100/100/100 122/122/122 98/98/98 
f 123/123/123 124/124/124 125/125/125 
f 126/126/126 127/127/127 128/128/128 
f 129/129/129 128/128/128 127/127/127 
f 128/128/128 130/130/130 126/126/126 
f 131/131/131 13/13/13 132/132/132 
f 133/133/133 128/128/128 129/129/129 
f 134/134/134 128/128/128 135/135/135 
f 136/136/136 135/135/135 128/128/128 
f 137/137/137 138/138/138 139/139/139 
f 140/140/140 139/139/139 138/138/138 
f 141/141/141 137/137/137 12/12/12 
f 139/139/139 12/12/12 137/137/137 
f 142/142/142 143/143/143 144/144/144 
f 145/145/145 146/146/146 147/147/147 
f 128/128/128 133/133/133 136/136/136 
f 148/148/148 149/149/149 150/150/150 
f 151/151/151 150/150/150 149/149/149 
f 150/150/150 151/151/151 35/35/35 
f 34/34/34 35/35/35 151/151/151 
f 152/152/152 153/153/153 154/154/154 
f 152/152/152 154/154/154 155/155/155 
f 156/156/156 155/155/155 154/154/154 
f 130/130/130 128/128/128 134/134/134 
f 157/157/157 158/158/158 159/159/159 
f 160/160/160 159/159/159 158/158/158 
f 161/161/161 162/162/162 163/163/163 
f 164/164/164 165/165/165 166/166/166 
f 167/167/167 164/164/164 166/166/166 
f 168/168/168 164/164/164 167/167/167 
f 168/168/168 169/169/169 164/164/164 
f 170/170/170 164/164/164 169/169/169 
f 171/171/171 170/170/170 169/169/169 
f 171/171/171 172/172/172 170/170/170 
f 173/173/173 170/170/170 172/172/172 
f 174/174/174 173/173/173 172/172/172 
f 74/74/74 71/71/71 175/175/175 
f 176/176/176 177/177/177 178/178/178 
f 179/179/179 178/178/178 177/177/177 
f 180/180/180 181/181/181 182/182/182 
f 183/183/183 182/182/182 181/181/181 
f 184/184/184 185/185/185 186/186/186 
f 187/187/187 186/186/186 185/185/185 
f 185/185/185 188/188/188 187/187/187 
f 189/189/189 187/187/187 188/188/188 
f 190/190/190 191/191/191 192/192/192 
f 193/193/193 194/194/194 195/195/195 
f 195/195/195 194/194/194 196/196/196 
f 197/197/197 196/196/196 198/198/198 
f 199/199/199 198/198/198 200/200/200 
f 200/200/200 198/198/198 201/201/201 
f 198/198/198 196/196/196 201/201/201 
f 196/196/196 194/194/194 201/201/201 
f 202/202/202 203/203/203 204/204/204 
f 203/203/203 205/205/205 206/206/206 
f 207/207/207 202/202/202 208/208/208 
f 202/202/202 204/204/204 208/208/208 
f 209/209/209 210/210/210 199/199/199 
f 208/208/208 211/211/211 207/207/207 
f 206/206/206 204/204/204 203/203/203 
f 205/205/205 212/212/212 206/206/206 
f 213/213/213 214/214/214 215/215/215 
f 216/216/216 217/217/217 209/209/209 
f 218/218/218 209/209/209 217/217/217 
f 200/200/200 219/219/219 199/199/199 
f 209/209/209 199/199/199 219/219/219 
f 219/219/219 216/216/216 209/209/209 
f 220/220/220 221/221/221 222/222/222 
f 223/223/223 224/224/224 66/66/66 
f 67/67/67 66/66/66 224/224/224 
f 192/192/192 225/225/225 226/226/226 
f 227/227/227 228/228/228 229/229/229 
f 230/230/230 231/231/231 62/62/62 
f 63/63/63 62/62/62 231/231/231 
f 232/232/232 233/233/233 58/58/58 
f 59/59/59 58/58/58 233/233/233 
f 122/122/122 234/234/234 98/98/98 
f 235/235/235 98/98/98 234/234/234 
f 236/236/236 237/237/237 193/193/193 
f 190/190/190 192/192/192 226/226/226 
f 71/71/71 238/238/238 239/239/239 
f 240/240/240 241/241/241 242/242/242 
f 243/243/243 244/244/244 245/245/245 
f 246/246/246 245/245/245 244/244/244 
f 247/247/247 248/248/248 249/249/249 
f 250/250/250 249/249/249 248/248/248 
f 251/251/251 252/252/252 253/253/253 
f 254/254/254 253/253/253 252/252/252 
f 13/13/13 131/131/131 14/14/14 
f 255/255/255 256/256/256 257/257/257 
f 258/258/258 259/259/259 260/260/260 
f 237/237/237 236/236/236 227/227/227 
f 236/236/236 193/193/193 195/195/195 
f 237/237/237 227/227/227 229/229/229 
f 249/249/249 250/250/250 261/261/261 
f 262/262/262 261/261/261 250/250/250 
f 241/241/241 240/240/240 263/263/263 
f 71/71/71 239/239/239 175/175/175 
f 264/264/264 124/124/124 265/265/265 
f 115/115/115 266/266/266 113/113/113 
f 124/124/124 267/267/267 125/125/125 
f 268/268/268 125/125/125 267/267/267 
f 269/269/269 270/270/270 271/271/271 
f 272/272/272 273/273/273 274/274/274 
f 275/275/275 276/276/276 277/277/277 
f 278/278/278 124/124/124 123/123/123 
f 278/278/278 123/123/123 279/279/279 
f 278/278/278 265/265/265 124/124/124 
f 280/280/280 281/281/281 282/282/282 
f 283/283/283 284/284/284 285/285/285 
f 286/286/286 10/10/10 287/287/287 
f 12/12/12 287/287/287 10/10/10 
f 286/286/286 287/287/287 288/288/288 
f 289/289/289 290/290/290 291/291/291 
f 292/292/292 293/293/293 294/294/294 
f 295/295/295 296/296/296 23/23/23 
f 22/22/22 23/23/23 296/296/296 
f 297/297/297 298/298/298 299/299/299 
f 300/300/300 299/299/299 298/298/298 
f 301/301/301 302/302/302 303/303/303 
f 301/301/301 303/303/303 304/304/304 
f 305/305/305 306/306/306 307/307/307 
f 308/308/308 309/309/309 306/306/306 
f 310/310/310 311/311/311 306/306/306 
f 308/308/308 306/306/306 311/311/311 
f 312/312/312 313/313/313 314/314/314 
f 315/315/315 316/316/316 317/317/317 
f 305/305/305 318/318/318 306/306/306 
f 310/310/310 306/306/306 318/318/318 
f 319/319/319 320/320/320 321/321/321 
f 321/321/321 320/320/320 322/322/322 
f 300/300/300 322/322/322 299/299/299 
f 323/323/323 299/299/299 322/322/322 
f 324/324/324 325/325/325 326/326/326 
f 327/327/327 326/326/326 325/325/325 
f 328/328/328 329/329/329 330/330/330 
f 331/331/331 329/329/329 328/328/328 
f 332/332/332 315/315/315 317/317/317 
f 333/333/333 293/293/293 334/334/334 
f 292/292/292 334/334/334 293/293/293 
f 313/313/313 312/312/312 304/304/304 
f 301/301/301 304/304/304 312/312/312 
f 323/323/323 322/322/322 325/325/325 
f 325/325/325 322/322/322 327/327/327 
f 327/327/327 322/322/322 320/320/320 
f 141/141/141 12/12/12 335/335/335 
f 335/335/335 12/12/12 336/336/336 
f 336/336/336 12/12/12 11/11/11 
f 141/141/141 335/335/335 337/337/337 
f 141/141/141 337/337/337 338/338/338 
f 141/141/141 338/338/338 339/339/339 
f 156/156/156 41/41/41 155/155/155 
f 40/40/40 155/155/155 41/41/41 
f 340/340/340 341/341/341 8/8/8 
f 342/342/342 8/8/8 343/343/343 
f 341/341/341 9/9/9 8/8/8 
f 343/343/343 8/8/8 7/7/7 
f 344/344/344 345/345/345 346/346/346 
f 347/347/347 346/346/346 345/345/345 
f 348/348/348 349/349/349 350/350/350 
f 351/351/351 350/350/350 349/349/349 
f 352/352/352 353/353/353 354/354/354 
f 355/355/355 354/354/354 353/353/353 
f 356/356/356 357/357/357 358/358/358 
f 359/359/359 358/358/358 357/357/357 
f 360/360/360 361/361/361 362/362/362 
f 363/363/363 362/362/362 361/361/361 
f 364/364/364 365/365/365 366/366/366 
f 367/367/367 366/366/366 365/365/365 
f 368/368/368 369/369/369 370/370/370 
f 371/371/371 370/370/370 369/369/369 
f 372/372/372 373/373/373 374/374/374 
f 375/375/375 374/374/374 373/373/373 
f 376/376/376 377/377/377 378/378/378 
f 379/379/379 378/378/378 377/377/377 
f 380/380/380 381/381/381 382/382/382 
f 383/383/383 382/382/382 381/381/381 
f 384/384/384 385/385/385 386/386/386 
f 387/387/387 386/386/386 385/385/385 
f 388/388/388 389/389/389 390/390/390 
f 391/391/391 392/392/392 393/393/393 
f 394/394/394 395/395/395 396/396/396 
f 397/397/397 396/396/396 395/395/395 
f 398/398/398 399/399/399 400/400/400 
f 401/401/401 400/400/400 399/399/399 
f 402/402/402 403/403/403 404/404/404 
f 405/405/405 404/404/404 403/403/403 
f 406/406/406 407/407/407 408/408/408 
f 409/409/409 408/408/408 407/407/407 
f 410/410/410 411/411/411 412/412/412 
f 413/413/413 412/412/412 411/411/411 
f 414/414/414 415/415/415 416/416/416 
f 417/417/417 416/416/416 415/415/415 
f 418/418/418 419/419/419 420/420/420 
f 421/421/421 420/420/420 419/419/419 
f 422/422/422 423/423/423 424/424/424 
f 425/425/425 424/424/424 423/423/423 
f 426/426/426 427/427/427 428/428/428 
f 429/429/429 428/428/428 427/427/427 
f 430/430/430 431/431/431 432/432/432 
f 433/433/433 432/432/432 431/431/431 
f 434/434/434 435/435/435 436/436/436 
f 437/437/437 436/436/436 435/435/435 
f 438/438/438 439/439/439 440/440/440 
f 441/441/441 440/440/440 439/439/439 
f 442/442/442 443/443/443 444/444/444 
f 445/445/445 444/444/444 443/443/443 
f 446/446/446 447/447/447 448/448/448 
f 449/449/449 448/448/448 447/447/447 
f 450/450/450 451/451/451 452/452/452 
f 453/453/453 452/452/452 451/451/451 
f 454/454/454 455/455/455 456/456/456 
f 457/457/457 456/456/456 455/455/455 
f 458/458/458 459/459/459 460/460/460 
f 461/461/461 460/460/460 459/459/459 
f 433/433/433 431/431/431 462/462/462 
f 463/463/463 462/462/462 431/431/431 
f 437/437/437 435/435/435 464/464/464 
f 465/465/465 464/464/464 435/435/435 
f 441/441/441 439/439/439 466/466/466 
f 467/467/467 466/466/466 439/439/439 
f 468/468/468 469/469/469 470/470/470 
f 471/471/471 470/470/470 469/469/469 
f 472/472/472 473/473/473 474/474/474 
f 475/475/475 474/474/474 473/473/473 
f 476/476/476 477/477/477 478/478/478 
f 479/479/479 478/478/478 477/477/477 
f 480/480/480 481/481/481 482/482/482 
f 483/483/483 482/482/482 481/481/481 
f 484/484/484 485/485/485 486/486/486 
f 487/487/487 486/486/486 485/485/485 
f 488/488/488 489/489/489 490/490/490 
f 491/491/491 490/490/490 489/489/489 
f 492/492/492 493/493/493 494/494/494 
f 495/495/495 494/494/494 493/493/493 
f 496/496/496 497/497/497 498/498/498 
f 499/499/499 498/498/498 497/497/497 
f 500/500/500 501/501/501 502/502/502 
f 503/503/503 502/502/502 501/501/501 
f 504/504/504 505/505/505 506/506/506 
f 507/507/507 506/506/506 508/508/508 
f 506/506/506 505/505/505 508/508/508 
f 509/509/509 508/508/508 510/510/510 
f 508/508/508 505/505/505 510/510/510 
f 511/511/511 512/512/512 513/513/513 
f 514/514/514 513/513/513 512/512/512 
f 515/515/515 516/516/516 517/517/517 
f 518/518/518 517/517/517 516/516/516 
f 519/519/519 515/515/515 520/520/520 
f 517/517/517 520/520/520 515/515/515 
f 521/521/521 519/519/519 522/522/522 
f 520/520/520 522/522/522 519/519/519 
f 523/523/523 524/524/524 525/525/525 
f 526/526/526 525/525/525 524/524/524 
f 527/527/527 528/528/528 529/529/529 
f 530/530/530 529/529/529 528/528/528 
f 531/531/531 532/532/532 533/533/533 
f 534/534/534 533/533/533 535/535/535 
f 533/533/533 532/532/532 535/535/535 
f 536/536/536 535/535/535 537/537/537 
f 535/535/535 532/532/532 537/537/537 
f 538/538/538 539/539/539 540/540/540 
f 541/541/541 540/540/540 539/539/539 
f 542/542/542 543/543/543 538/538/538 
f 539/539/539 538/538/538 543/543/543 
f 544/544/544 545/545/545 542/542/542 
f 543/543/543 542/542/542 545/545/545 
f 546/546/546 547/547/547 548/548/548 
f 549/549/549 550/550/550 551/551/551 
f 552/552/552 551/551/551 550/550/550 
f 553/553/553 554/554/554 555/555/555 
f 556/556/556 557/557/557 558/558/558 
f 559/559/559 558/558/558 557/557/557 
f 560/560/560 561/561/561 556/556/556 
f 557/557/557 556/556/556 561/561/561 
f 562/562/562 563/563/563 560/560/560 
f 561/561/561 560/560/560 563/563/563 
f 564/564/564 565/565/565 566/566/566 
f 567/567/567 568/568/568 569/569/569 
f 570/570/570 569/569/569 568/568/568 
f 571/571/571 572/572/572 573/573/573 
f 574/574/574 575/575/575 576/576/576 
f 577/577/577 576/576/576 575/575/575 
f 578/578/578 579/579/579 580/580/580 
f 581/581/581 580/580/580 579/579/579 
f 582/582/582 583/583/583 584/584/584 
f 585/585/585 584/584/584 583/583/583 
f 586/586/586 587/587/587 588/588/588 
f 589/589/589 590/590/590 591/591/591 
f 592/592/592 591/591/591 590/590/590 
f 593/593/593 594/594/594 595/595/595 
f 596/596/596 595/595/595 594/594/594 
f 597/597/597 598/598/598 599/599/599 
f 600/600/600 599/599/599 598/598/598 
f 601/601/601 602/602/602 603/603/603 
f 604/604/604 603/603/603 602/602/602 
f 605/605/605 606/606/606 607/607/607 
f 608/608/608 605/605/605 607/607/607 
f 609/609/609 610/610/610 607/607/607 
f 610/610/610 611/611/611 607/607/607 
f 609/609/609 607/607/607 606/606/606 
f 608/608/608 607/607/607 612/612/612 
f 612/612/612 607/607/607 613/613/613 
f 614/614/614 587/587/587 586/586/586 
f 615/615/615 616/616/616 586/586/586 
f 616/616/616 617/617/617 586/586/586 
f 615/615/615 586/586/586 588/588/588 
f 618/618/618 586/586/586 617/617/617 
f 614/614/614 586/586/586 618/618/618 
f 619/619/619 620/620/620 621/621/621 
f 622/622/622 621/621/621 620/620/620 
f 623/623/623 624/624/624 625/625/625 
f 626/626/626 625/625/625 624/624/624 
f 627/627/627 628/628/628 629/629/629 
f 630/630/630 629/629/629 628/628/628 
f 631/631/631 632/632/632 633/633/633 
f 634/634/634 635/635/635 636/636/636 
f 637/637/637 638/638/638 639/639/639 
f 640/640/640 639/639/639 638/638/638 
f 641/641/641 642/642/642 643/643/643 
f 644/644/644 643/643/643 642/642/642 
f 645/645/645 646/646/646 647/647/647 
f 648/648/648 647/647/647 646/646/646 
f 649/649/649 650/650/650 651/651/651 
f 652/652/652 651/651/651 650/650/650 
f 653/653/653 654/654/654 655/655/655 
f 656/656/656 655/655/655 654/654/654 
f 657/657/657 658/658/658 659/659/659 
f 660/660/660 659/659/659 658/658/658 
f 661/661/661 662/662/662 663/663/663 
f 664/664/664 663/663/663 662/662/662 
f 665/665/665 666/666/666 667/667/667 
f 668/668/668 667/667/667 666/666/666 
f 669/669/669 670/670/670 671/671/671 
f 672/672/672 671/671/671 670/670/670 
f 673/673/673 674/674/674 675/675/675 
f 676/676/676 675/675/675 674/674/674 
f 677/677/677 678/678/678 679/679/679 
f 680/680/680 679/679/679 681/681/681 
f 682/682/682 681/681/681 683/683/683 
f 681/681/681 679/679/679 683/683/683 
f 679/679/679 678/678/678 683/683/683 
f 684/684/684 683/683/683 685/685/685 
f 683/683/683 678/678/678 685/685/685 
f 685/685/685 678/678/678 686/686/686 
f 687/687/687 688/688/688 689/689/689 
f 690/690/690 689/689/689 688/688/688 
f 691/691/691 692/692/692 693/693/693 
f 694/694/694 693/693/693 692/692/692 
f 695/695/695 696/696/696 697/697/697 
f 698/698/698 697/697/697 696/696/696 
f 699/699/699 700/700/700 701/701/701 
f 702/702/702 701/701/701 700/700/700 
f 703/703/703 704/704/704 705/705/705 
f 706/706/706 705/705/705 704/704/704 
f 707/707/707 708/708/708 709/709/709 
f 710/710/710 709/709/709 708/708/708 
f 711/711/711 712/712/712 713/713/713 
f 714/714/714 713/713/713 712/712/712 
f 715/715/715 716/716/716 717/717/717 
f 718/718/718 717/717/717 716/716/716 
f 719/719/719 720/720/720 721/721/721 
f 722/722/722 721/721/721 720/720/720 
f 723/723/723 724/724/724 725/725/725 
f 726/726/726 725/725/725 724/724/724 
f 727/727/727 728/728/728 729/729/729 
f 730/730/730 729/729/729 728/728/728 
f 731/731/731 732/732/732 733/733/733 
f 734/734/734 733/733/733 732/732/732 
f 735/735/735 736/736/736 737/737/737 
f 738/738/738 737/737/737 736/736/736 
f 736/736/736 739/739/739 738/738/738 
f 740/740/740 738/738/738 739/739/739 
f 741/741/741 742/742/742 743/743/743 
f 744/744/744 743/743/743 742/742/742 
f 742/742/742 745/745/745 744/744/744 
f 746/746/746 744/744/744 745/745/745 
f 747/747/747 748/748/748 749/749/749 
f 750/750/750 749/749/749 748/748/748 
f 751/751/751 752/752/752 753/753/753 
f 754/754/754 753/753/753 752/752/752 
f 755/755/755 756/756/756 757/757/757 
f 758/758/758 757/757/757 756/756/756 
f 759/759/759 760/760/760 761/761/761 
f 762/762/762 761/761/761 760/760/760 
f 763/763/763 764/764/764 765/765/765 
f 766/766/766 765/765/765 764/764/764 
f 767/767/767 768/768/768 769/769/769 
f 770/770/770 769/769/769 768/768/768 
f 771/771/771 772/772/772 773/773/773 
f 774/774/774 773/773/773 772/772/772 
f 775/775/775 776/776/776 777/777/777 
f 778/778/778 777/777/777 776/776/776 
f 779/779/779 780/780/780 781/781/781 
f 782/782/782 781/781/781 780/780/780 
f 783/783/783 784/784/784 785/785/785 
f 786/786/786 785/785/785 784/784/784 
f 787/787/787 788/788/788 789/789/789 
f 790/790/790 789/789/789 791/791/791 
f 789/789/789 788/788/788 791/791/791 
f 792/792/792 791/791/791 793/793/793 
f 794/794/794 793/793/793 795/795/795 
f 793/793/793 791/791/791 795/795/795 
f 791/791/791 788/788/788 795/795/795 
f 795/795/795 788/788/788 796/796/796 
f 797/797/797 798/798/798 799/799/799 
f 800/800/800 799/799/799 798/798/798 
f 801/801/801 802/802/802 803/803/803 
f 804/804/804 803/803/803 802/802/802 
f 805/805/805 806/806/806 807/807/807 
f 808/808/808 807/807/807 806/806/806 
f 809/809/809 810/810/810 811/811/811 
f 812/812/812 811/811/811 810/810/810 
f 813/813/813 814/814/814 815/815/815 
f 816/816/816 815/815/815 814/814/814 
f 817/817/817 818/818/818 819/819/819 
f 820/820/820 819/819/819 818/818/818 
f 821/821/821 822/822/822 823/823/823 
f 824/824/824 823/823/823 822/822/822 
f 825/825/825 826/826/826 827/827/827 
f 828/828/828 827/827/827 826/826/826 
f 829/829/829 830/830/830 831/831/831 
f 832/832/832 831/831/831 830/830/830 
f 833/833/833 834/834/834 835/835/835 
f 836/836/836 835/835/835 834/834/834 
f 837/837/837 838/838/838 839/839/839 
f 840/840/840 839/839/839 841/841/841 
f 842/842/842 841/841/841 843/843/843 
f 841/841/841 839/839/839 843/843/843 
f 839/839/839 838/838/838 843/843/843 
f 844/844/844 843/843/843 845/845/845 
f 843/843/843 838/838/838 845/845/845 
f 845/845/845 838/838/838 846/846/846 
f 847/847/847 848/848/848 849/849/849 
f 850/850/850 849/849/849 848/848/848 
f 851/851/851 852/852/852 853/853/853 
f 854/854/854 853/853/853 852/852/852 
f 855/855/855 856/856/856 857/857/857 
f 858/858/858 857/857/857 856/856/856 
f 859/859/859 860/860/860 861/861/861 
f 862/862/862 861/861/861 860/860/860 
f 863/863/863 864/864/864 865/865/865 
f 866/866/866 865/865/865 864/864/864 
f 867/867/867 868/868/868 869/869/869 
f 870/870/870 869/869/869 868/868/868 
f 871/871/871 872/872/872 873/873/873 
f 874/874/874 873/873/873 872/872/872 
f 875/875/875 876/876/876 877/877/877 
f 878/878/878 877/877/877 879/879/879 
f 877/877/877 876/876/876 879/879/879 
f 880/880/880 879/879/879 881/881/881 
f 882/882/882 881/881/881 883/883/883 
f 881/881/881 879/879/879 883/883/883 
f 879/879/879 876/876/876 883/883/883 
f 883/883/883 876/876/876 884/884/884 
f 885/885/885 886/886/886 887/887/887 
f 888/888/888 887/887/887 886/886/886 
f 889/889/889 890/890/890 891/891/891 
f 892/892/892 891/891/891 890/890/890 
f 893/893/893 894/894/894 895/895/895 
f 896/896/896 895/895/895 894/894/894 
f 897/897/897 898/898/898 899/899/899 
f 900/900/900 899/899/899 898/898/898 
f 901/901/901 902/902/902 903/903/903 
f 904/904/904 903/903/903 902/902/902 
f 905/905/905 906/906/906 907/907/907 
f 908/908/908 907/907/907 906/906/906 
f 909/909/909 910/910/910 911/911/911 
f 912/912/912 911/911/911 910/910/910 
f 913/913/913 914/914/914 915/915/915 
f 916/916/916 915/915/915 914/914/914 
f 917/917/917 918/918/918 919/919/919 
f 920/920/920 919/919/919 918/918/918 
f 921/921/921 922/922/922 923/923/923 
f 924/924/924 923/923/923 922/922/922 
f 925/925/925 926/926/926 927/927/927 
f 928/928/928 927/927/927 929/929/929 
f 930/930/930 929/929/929 931/931/931 
f 929/929/929 927/927/927 931/931/931 
f 927/927/927 926/926/926 931/931/931 
f 932/932/932 931/931/931 933/933/933 
f 931/931/931 926/926/926 933/933/933 
f 933/933/933 926/926/926 934/934/934 
f 935/935/935 936/936/936 937/937/937 
f 938/938/938 937/937/937 936/936/936 
f 939/939/939 940/940/940 941/941/941 
f 942/942/942 941/941/941 940/940/940 
f 943/943/943 944/944/944 945/945/945 
f 946/946/946 945/945/945 944/944/944 
f 947/947/947 948/948/948 949/949/949 
f 950/950/950 949/949/949 948/948/948 
f 951/951/951 952/952/952 953/953/953 
f 954/954/954 953/953/953 952/952/952 
f 955/955/955 956/956/956 957/957/957 
f 958/958/958 957/957/957 956/956/956 
f 959/959/959 960/960/960 961/961/961 
f 962/962/962 961/961/961 960/960/960 
f 963/963/963 964/964/964 965/965/965 
f 966/966/966 965/965/965 964/964/964 
f 967/967/967 968/968/968 969/969/969 
f 970/970/970 969/969/969 968/968/968 
f 971/971/971 972/972/972 973/973/973 
f 974/974/974 973/973/973 972/972/972 
f 975/975/975 976/976/976 977/977/977 
f 975/975/975 977/977/977 978/978/978 
f 975/975/975 978/978/978 979/979/979 
f 975/975/975 979/979/979 976/976/976 
f 980/980/980 981/981/981 982/982/982 
f 983/983/983 982/982/982 981/981/981 
f 984/984/984 985/985/985 986/986/986 
f 987/987/987 986/986/986 985/985/985 
f 988/988/988 989/989/989 990/990/990 
f 991/991/991 990/990/990 989/989/989 
f 992/992/992 993/993/993 994/994/994 
f 995/995/995 994/994/994 993/993/993 
f 996/996/996 997/997/997 998/998/998 
f 999/999/999 998/998/998 997/997/997 
f 1000/1000/1000 1001/1001/1001 1002/1002/1002 
f 1003/1003/1003 1002/1002/1002 1001/1001/1001 
f 1004/1004/1004 1005/1005/1005 1006/1006/1006 
f 1007/1007/1007 1006/1006/1006 1005/1005/1005 
f 1008/1008/1008 1009/1009/1009 1010/1010/1010 
f 1011/1011/1011 1010/1010/1010 1009/1009/1009 
f 1012/1012/1012 1013/1013/1013 1014/1014/1014 
f 1015/1015/1015 1014/1014/1014 1013/1013/1013 
f 1016/1016/1016 1017/1017/1017 1018/1018/1018 
f 1019/1019/1019 1016/1016/1016 1018/1018/1018 
f 1020/1020/1020 1019/1019/1019 1018/1018/1018 
f 1017/1017/1017 1020/1020/1020 1018/1018/1018 
f 1021/1021/1021 1022/1022/1022 1023/1023/1023 
f 1024/1024/1024 1025/1025/1025 1026/1026/1026 
f 1027/1027/1027 1028/1028/1028 1029/1029/1029 
f 1030/1030/1030 1031/1031/1031 1032/1032/1032 
f 1033/1033/1033 1034/1034/1034 709/709/709 
f 707/707/707 709/709/709 1034/1034/1034 
f 1035/1035/1035 712/712/712 1036/1036/1036 
f 711/711/711 1036/1036/1036 712/712/712 
f 1037/1037/1037 715/715/715 1038/1038/1038 
f 717/717/717 1038/1038/1038 715/715/715 
f 1039/1039/1039 1040/1040/1040 1041/1041/1041 
f 1042/1042/1042 1041/1041/1041 1040/1040/1040 
f 1043/1043/1043 1044/1044/1044 1045/1045/1045 
f 1046/1046/1046 1045/1045/1045 1044/1044/1044 
f 1047/1047/1047 1048/1048/1048 1049/1049/1049 
f 1050/1050/1050 1049/1049/1049 1048/1048/1048 
f 1042/1042/1042 1040/1040/1040 1051/1051/1051 
f 1052/1052/1052 1051/1051/1051 1040/1040/1040 
f 1046/1046/1046 1044/1044/1044 1053/1053/1053 
f 1054/1054/1054 1053/1053/1053 1044/1044/1044 
f 1050/1050/1050 1048/1048/1048 1055/1055/1055 
f 1056/1056/1056 1055/1055/1055 1048/1048/1048 
f 1057/1057/1057 1058/1058/1058 1059/1059/1059 
f 1060/1060/1060 1059/1059/1059 1058/1058/1058 
f 1061/1061/1061 1062/1062/1062 1063/1063/1063 
f 1064/1064/1064 1063/1063/1063 1062/1062/1062 
f 1065/1065/1065 1066/1066/1066 1067/1067/1067 
f 1068/1068/1068 1067/1067/1067 1066/1066/1066 
f 1069/1069/1069 1070/1070/1070 1071/1071/1071 
f 1072/1072/1072 1071/1071/1071 1070/1070/1070 
f 1073/1073/1073 1074/1074/1074 1075/1075/1075 
f 1076/1076/1076 1075/1075/1075 1074/1074/1074 
f 1077/1077/1077 1078/1078/1078 1079/1079/1079 
f 1080/1080/1080 1079/1079/1079 1078/1078/1078 
f 1081/1081/1081 1082/1082/1082 1083/1083/1083 
f 1084/1084/1084 1083/1083/1083 1082/1082/1082 
f 1085/1085/1085 1086/1086/1086 1087/1087/1087 
f 1088/1088/1088 1087/1087/1087 1086/1086/1086 
f 1089/1089/1089 1090/1090/1090 1091/1091/1091 
f 1092/1092/1092 1091/1091/1091 1090/1090/1090 
f 1093/1093/1093 1094/1094/1094 1095/1095/1095 
f 1096/1096/1096 1095/1095/1095 1094/1094/1094 
f 1097/1097/1097 1098/1098/1098 1099/1099/1099 
f 1100/1100/1100 1099/1099/1099 1101/1101/1101 
f 1099/1099/1099 1098/1098/1098 1101/1101/1101 
f 1102/1102/1102 1101/1101/1101 1103/1103/1103 
f 1104/1104/1104 1103/1103/1103 1105/1105/1105 
f 1103/1103/1103 1101/1101/1101 1105/1105/1105 
f 1101/1101/1101 1098/1098/1098 1105/1105/1105 
f 1105/1105/1105 1098/1098/1098 1106/1106/1106 
f 1107/1107/1107 1108/1108/1108 1109/1109/1109 
f 1110/1110/1110 1109/1109/1109 1108/1108/1108 
f 1111/1111/1111 1112/1112/1112 1113/1113/1113 
f 1114/1114/1114 1113/1113/1113 1112/1112/1112 
f 1115/1115/1115 1116/1116/1116 1117/1117/1117 
f 1118/1118/1118 1117/1117/1117 1116/1116/1116 
f 1119/1119/1119 1120/1120/1120 1121/1121/1121 
f 1122/1122/1122 1121/1121/1121 1120/1120/1120 
f 1123/1123/1123 1124/1124/1124 1125/1125/1125 
f 1126/1126/1126 1125/1125/1125 1124/1124/1124 
f 1127/1127/1127 1128/1128/1128 1129/1129/1129 
f 1130/1130/1130 1129/1129/1129 1128/1128/1128 
f 1131/1131/1131 1132/1132/1132 1133/1133/1133 
f 1134/1134/1134 1133/1133/1133 1132/1132/1132 
f 1135/1135/1135 1136/1136/1136 1137/1137/1137 
f 1138/1138/1138 1137/1137/1137 1136/1136/1136 
f 1139/1139/1139 1140/1140/1140 1141/1141/1141 
f 1142/1142/1142 1141/1141/1141 1140/1140/1140 
f 1143/1143/1143 1144/1144/1144 1145/1145/1145 
f 1146/1146/1146 1145/1145/1145 1144/1144/1144 
f 1147/1147/1147 1148/1148/1148 1149/1149/1149 
f 1150/1150/1150 1149/1149/1149 1151/1151/1151 
f 1152/1152/1152 1151/1151/1151 1153/1153/1153 
f 1151/1151/1151 1149/1149/1149 1153/1153/1153 
f 1149/1149/1149 1148/1148/1148 1153/1153/1153 
f 1154/1154/1154 1153/1153/1153 1155/1155/1155 
f 1153/1153/1153 1148/1148/1148 1155/1155/1155 
f 1155/1155/1155 1148/1148/1148 1156/1156/1156 
f 1157/1157/1157 1158/1158/1158 1159/1159/1159 
f 1160/1160/1160 1161/1161/1161 1162/1162/1162 
f 1163/1163/1163 1164/1164/1164 1165/1165/1165 
f 1166/1166/1166 1167/1167/1167 1168/1168/1168 
f 1169/1169/1169 1170/1170/1170 1171/1171/1171 
f 1171/1171/1171 1170/1170/1170 1172/1172/1172 
f 1172/1172/1172 1170/1170/1170 1173/1173/1173 
f 1174/1174/1174 1175/1175/1175 1176/1176/1176 
f 1177/1177/1177 1158/1158/1158 1178/1178/1178 
f 1157/1157/1157 1178/1178/1178 1158/1158/1158 
f 1179/1179/1179 1178/1178/1178 1157/1157/1157 
f 1179/1179/1179 1157/1157/1157 1180/1180/1180 
f 1176/1176/1176 1180/1180/1180 1157/1157/1157 
f 1180/1180/1180 1176/1176/1176 1181/1181/1181 
f 1181/1181/1181 1176/1176/1176 1182/1182/1182 
f 1175/1175/1175 1182/1182/1182 1176/1176/1176 
f 1174/1174/1174 1176/1176/1176 1183/1183/1183 
f 1157/1157/1157 1183/1183/1183 1176/1176/1176 
f 1183/1183/1183 1157/1157/1157 1159/1159/1159 
f 1184/1184/1184 1185/1185/1185 1186/1186/1186 
f 1184/1184/1184 1186/1186/1186 1187/1187/1187 
f 1187/1187/1187 1186/1186/1186 1188/1188/1188 
f 1189/1189/1189 1188/1188/1188 1186/1186/1186 
f 1188/1188/1188 1189/1189/1189 1190/1190/1190 
f 1191/1191/1191 1190/1190/1190 1189/1189/1189 
f 1192/1192/1192 1190/1190/1190 1193/1193/1193 
f 1191/1191/1191 1193/1193/1193 1190/1190/1190 
f 1192/1192/1192 1193/1193/1193 1194/1194/1194 
f 1195/1195/1195 1196/1196/1196 1197/1197/1197 
f 1198/1198/1198 1194/1194/1194 1193/1193/1193 
f 1196/1196/1196 1168/1168/1168 1197/1197/1197 
f 1167/1167/1167 1197/1197/1197 1168/1168/1168 
f 1199/1199/1199 1162/1162/1162 1200/1200/1200 
f 1200/1200/1200 1162/1162/1162 1161/1161/1161 
f 1201/1201/1201 1202/1202/1202 1203/1203/1203 
f 1204/1204/1204 1203/1203/1203 1202/1202/1202 
f 1201/1201/1201 1205/1205/1205 1202/1202/1202 
f 1206/1206/1206 1207/1207/1207 1208/1208/1208 
f 1209/1209/1209 1208/1208/1208 1207/1207/1207 
f 1210/1210/1210 1211/1211/1211 1212/1212/1212 
f 1213/1213/1213 1212/1212/1212 1211/1211/1211 
f 1214/1214/1214 1208/1208/1208 1209/1209/1209 
f 1215/1215/1215 1216/1216/1216 1217/1217/1217 
f 1218/1218/1218 1219/1219/1219 1220/1220/1220 
f 1221/1221/1221 1222/1222/1222 1223/1223/1223 
f 1222/1222/1222 1221/1221/1221 1224/1224/1224 
f 1223/1223/1223 1222/1222/1222 1225/1225/1225 
f 1226/1226/1226 1227/1227/1227 1228/1228/1228 
f 1229/1229/1229 1230/1230/1230 1231/1231/1231 
f 1232/1232/1232 1231/1231/1231 1230/1230/1230 
f 1233/1233/1233 1234/1234/1234 1235/1235/1235 
f 1236/1236/1236 1235/1235/1235 1234/1234/1234 
f 1237/1237/1237 1238/1238/1238 1239/1239/1239 
f 1240/1240/1240 1239/1239/1239 1238/1238/1238 
f 1241/1241/1241 1242/1242/1242 1243/1243/1243 
f 1244/1244/1244 1243/1243/1243 1242/1242/1242 
f 1245/1245/1245 1246/1246/1246 1247/1247/1247 
f 1248/1248/1248 1245/1245/1245 1247/1247/1247 
f 1249/1249/1249 1250/1250/1250 1247/1247/1247 
f 1250/1250/1250 1251/1251/1251 1247/1247/1247 
f 1249/1249/1249 1247/1247/1247 1246/1246/1246 
f 1248/1248/1248 1247/1247/1247 1252/1252/1252 
f 1252/1252/1252 1247/1247/1247 1251/1251/1251 
f 1253/1253/1253 1227/1227/1227 1226/1226/1226 
f 1254/1254/1254 1255/1255/1255 1226/1226/1226 
f 1255/1255/1255 1256/1256/1256 1226/1226/1226 
f 1254/1254/1254 1226/1226/1226 1228/1228/1228 
f 1257/1257/1257 1226/1226/1226 1256/1256/1256 
f 1253/1253/1253 1226/1226/1226 1257/1257/1257 
f 1258/1258/1258 1259/1259/1259 1260/1260/1260 
f 1261/1261/1261 1260/1260/1260 1262/1262/1262 
f 1260/1260/1260 1259/1259/1259 1262/1262/1262 
f 1262/1262/1262 1259/1259/1259 1263/1263/1263 
f 1264/1264/1264 1265/1265/1265 1266/1266/1266 
f 1267/1267/1267 1268/1268/1268 1269/1269/1269 
f 1270/1270/1270 1271/1271/1271 1272/1272/1272 
f 1273/1273/1273 1274/1274/1274 1275/1275/1275 
f 1276/1276/1276 1277/1277/1277 1278/1278/1278 
f 1279/1279/1279 1280/1280/1280 1281/1281/1281 
f 1282/1282/1282 1283/1283/1283 1284/1284/1284 
f 1285/1285/1285 1286/1286/1286 1287/1287/1287 
f 1288/1288/1288 1289/1289/1289 1290/1290/1290 
f 1291/1291/1291 1290/1290/1290 1292/1292/1292 
f 1293/1293/1293 1292/1292/1292 1294/1294/1294 
f 1292/1292/1292 1290/1290/1290 1294/1294/1294 
f 1295/1295/1295 1294/1294/1294 1296/1296/1296 
f 1294/1294/1294 1290/1290/1290 1296/1296/1296 
f 1290/1290/1290 1289/1289/1289 1296/1296/1296 
f 1296/1296/1296 1289/1289/1289 1297/1297/1297 
f 1298/1298/1298 1299/1299/1299 1300/1300/1300 
f 1301/1301/1301 1300/1300/1300 1302/1302/1302 
f 1303/1303/1303 1302/1302/1302 1304/1304/1304 
f 1302/1302/1302 1300/1300/1300 1304/1304/1304 
f 1305/1305/1305 1304/1304/1304 1306/1306/1306 
f 1304/1304/1304 1300/1300/1300 1306/1306/1306 
f 1300/1300/1300 1299/1299/1299 1306/1306/1306 
f 1306/1306/1306 1299/1299/1299 1307/1307/1307 
f 1308/1308/1308 1309/1309/1309 1310/1310/1310 
f 1311/1311/1311 1312/1312/1312 1313/1313/1313 
f 1314/1314/1314 1315/1315/1315 1316/1316/1316 
f 1317/1317/1317 1318/1318/1318 1319/1319/1319 
f 1320/1320/1320 1319/1319/1319 1318/1318/1318 
f 1321/1321/1321 1322/1322/1322 1323/1323/1323 
f 1324/1324/1324 1325/1325/1325 1326/1326/1326 
f 1326/1326/1326 1325/1325/1325 1327/1327/1327 
f 1328/1328/1328 1329/1329/1329 1330/1330/1330 
f 1331/1331/1331 1332/1332/1332 1333/1333/1333 
f 1334/1334/1334 1335/1335/1335 1336/1336/1336 
f 1337/1337/1337 1336/1336/1336 1335/1335/1335 
f 1338/1338/1338 1339/1339/1339 1340/1340/1340 
f 1341/1341/1341 1342/1342/1342 1343/1343/1343 
f 1338/1338/1338 1344/1344/1344 1339/1339/1339 
f 1345/1345/1345 1346/1346/1346 1347/1347/1347 
f 1348/1348/1348 1349/1349/1349 1350/1350/1350 
f 1351/1351/1351 1352/1352/1352 1353/1353/1353 
f 1354/1354/1354 1355/1355/1355 1356/1356/1356 
f 1357/1357/1357 1358/1358/1358 1359/1359/1359 
f 1360/1360/1360 1361/1361/1361 1362/1362/1362 
f 1363/1363/1363 1364/1364/1364 1365/1365/1365 
f 1366/1366/1366 1367/1367/1367 1368/1368/1368 
f 1369/1369/1369 1370/1370/1370 1371/1371/1371 
f 1372/1372/1372 1371/1371/1371 1370/1370/1370 
f 1373/1373/1373 1374/1374/1374 1375/1375/1375 
f 1376/1376/1376 1374/1374/1374 1373/1373/1373 
f 1377/1377/1377 1378/1378/1378 1379/1379/1379 
f 1380/1380/1380 1379/1379/1379 1378/1378/1378 
f 1381/1381/1381 1382/1382/1382 1383/1383/1383 
f 1384/1384/1384 1383/1383/1383 1385/1385/1385 
f 1386/1386/1386 1385/1385/1385 1387/1387/1387 
f 1385/1385/1385 1383/1383/1383 1387/1387/1387 
f 1388/1388/1388 1387/1387/1387 1389/1389/1389 
f 1387/1387/1387 1383/1383/1383 1389/1389/1389 
f 1383/1383/1383 1382/1382/1382 1389/1389/1389 
f 1389/1389/1389 1382/1382/1382 1390/1390/1390 
f 1391/1391/1391 1392/1392/1392 1393/1393/1393 
f 1394/1394/1394 1393/1393/1393 1392/1392/1392 
f 1395/1395/1395 1396/1396/1396 1397/1397/1397 
f 1398/1398/1398 1397/1397/1397 1396/1396/1396 
f 1399/1399/1399 1400/1400/1400 1401/1401/1401 
f 1402/1402/1402 1401/1401/1401 1400/1400/1400 
f 1403/1403/1403 1404/1404/1404 1405/1405/1405 
f 1406/1406/1406 1405/1405/1405 1407/1407/1407 
f 1408/1408/1408 1407/1407/1407 1409/1409/1409 
f 1407/1407/1407 1405/1405/1405 1409/1409/1409 
f 1410/1410/1410 1409/1409/1409 1411/1411/1411 
f 1409/1409/1409 1405/1405/1405 1411/1411/1411 
f 1405/1405/1405 1404/1404/1404 1411/1411/1411 
f 1411/1411/1411 1404/1404/1404 1412/1412/1412 
f 1413/1413/1413 1414/1414/1414 1415/1415/1415 
f 1416/1416/1416 1415/1415/1415 1414/1414/1414 
f 1417/1417/1417 1418/1418/1418 1419/1419/1419 
f 1420/1420/1420 1419/1419/1419 1418/1418/1418 
f 1421/1421/1421 1422/1422/1422 1423/1423/1423 
f 1424/1424/1424 1425/1425/1425 1426/1426/1426 
f 1427/1427/1427 1428/1428/1428 1429/1429/1429 
f 1429/1429/1429 1428/1428/1428 1430/1430/1430 
f 1431/1431/1431 1432/1432/1432 1433/1433/1433 
f 1434/1434/1434 1435/1435/1435 1436/1436/1436 
f 1437/1437/1437 1438/1438/1438 1439/1439/1439 
f 1440/1440/1440 1439/1439/1439 1438/1438/1438 
f 1441/1441/1441 1442/1442/1442 1443/1443/1443 
f 1444/1444/1444 1443/1443/1443 1442/1442/1442 
f 1445/1445/1445 1446/1446/1446 1447/1447/1447 
f 1448/1448/1448 1447/1447/1447 1449/1449/1449 
f 1450/1450/1450 1449/1449/1449 1451/1451/1451 
f 1449/1449/1449 1447/1447/1447 1451/1451/1451 
f 1452/1452/1452 1451/1451/1451 1453/1453/1453 
f 1451/1451/1451 1447/1447/1447 1453/1453/1453 
f 1447/1447/1447 1446/1446/1446 1453/1453/1453 
f 1453/1453/1453 1446/1446/1446 1454/1454/1454 
f 1455/1455/1455 1456/1456/1456 1457/1457/1457 
f 1458/1458/1458 1457/1457/1457 1459/1459/1459 
f 1460/1460/1460 1459/1459/1459 1461/1461/1461 
f 1459/1459/1459 1457/1457/1457 1461/1461/1461 
f 1462/1462/1462 1461/1461/1461 1463/1463/1463 
f 1461/1461/1461 1457/1457/1457 1463/1463/1463 
f 1457/1457/1457 1456/1456/1456 1463/1463/1463 
f 1463/1463/1463 1456/1456/1456 1464/1464/1464 
f 1465/1465/1465 1466/1466/1466 1467/1467/1467 
f 1468/1468/1468 1469/1469/1469 1470/1470/1470 
f 1471/1471/1471 1472/1472/1472 1473/1473/1473 
f 1474/1474/1474 1473/1473/1473 1472/1472/1472 
f 1475/1475/1475 1476/1476/1476 1477/1477/1477 
f 1478/1478/1478 1477/1477/1477 1476/1476/1476 
f 1479/1479/1479 1480/1480/1480 1481/1481/1481 
f 1482/1482/1482 1481/1481/1481 1480/1480/1480 
f 1483/1483/1483 1484/1484/1484 1485/1485/1485 
f 1486/1486/1486 1485/1485/1485 1484/1484/1484 
f 1487/1487/1487 1488/1488/1488 1489/1489/1489 
f 1490/1490/1490 1489/1489/1489 1488/1488/1488 
f 1491/1491/1491 1492/1492/1492 1493/1493/1493 
f 1494/1494/1494 1493/1493/1493 1492/1492/1492 
f 1495/1495/1495 1496/1496/1496 1497/1497/1497 
f 1498/1498/1498 1499/1499/1499 1500/1500/1500 
f 1501/1501/1501 1502/1502/1502 1503/1503/1503 
f 1504/1504/1504 1505/1505/1505 1506/1506/1506 
f 1507/1507/1507 1508/1508/1508 1509/1509/1509 
f 1510/1510/1510 1511/1511/1511 1512/1512/1512 
f 1513/1513/1513 1514/1514/1514 1515/1515/1515 
f 1516/1516/1516 1517/1517/1517 1518/1518/1518 
f 1516/1516/1516 1519/1519/1519 1517/1517/1517 
f 1520/1520/1520 1521/1521/1521 1519/1519/1519 
f 1520/1520/1520 1522/1522/1522 1521/1521/1521 
f 1518/1518/1518 1523/1523/1523 1516/1516/1516 
f 1520/1520/1520 1519/1519/1519 1516/1516/1516 
f 1524/1524/1524 1525/1525/1525 1516/1516/1516 
f 1520/1520/1520 1516/1516/1516 1525/1525/1525 
f 1524/1524/1524 1516/1516/1516 1523/1523/1523 
f 1526/1526/1526 1527/1527/1527 1528/1528/1528 
f 1527/1527/1527 1529/1529/1529 1528/1528/1528 
f 1529/1529/1529 1530/1530/1530 1531/1531/1531 
f 1530/1530/1530 1532/1532/1532 1531/1531/1531 
f 1528/1528/1528 1533/1533/1533 1526/1526/1526 
f 1528/1528/1528 1529/1529/1529 1531/1531/1531 
f 1531/1531/1531 1534/1534/1534 1528/1528/1528 
f 1535/1535/1535 1528/1528/1528 1534/1534/1534 
f 1533/1533/1533 1528/1528/1528 1535/1535/1535 
f 1536/1536/1536 1537/1537/1537 1538/1538/1538 
f 1539/1539/1539 1536/1536/1536 1538/1538/1538 
f 1538/1538/1538 1537/1537/1537 1540/1540/1540 
f 1541/1541/1541 1540/1540/1540 1537/1537/1537 
f 1542/1542/1542 1543/1543/1543 1538/1538/1538 
f 1538/1538/1538 1540/1540/1540 1542/1542/1542 
f 1542/1542/1542 1544/1544/1544 1545/1545/1545 
f 1542/1542/1542 1545/1545/1545 1543/1543/1543 
f 1546/1546/1546 1543/1543/1543 1545/1545/1545 
f 1538/1538/1538 1547/1547/1547 1548/1548/1548 
f 1539/1539/1539 1538/1538/1538 1549/1549/1549 
f 1548/1548/1548 1549/1549/1549 1538/1538/1538 
f 1550/1550/1550 1551/1551/1551 1552/1552/1552 
f 1553/1553/1553 1552/1552/1552 1551/1551/1551 
f 1550/1550/1550 1552/1552/1552 1554/1554/1554 
f 1555/1555/1555 1554/1554/1554 1552/1552/1552 
f 1544/1544/1544 1542/1542/1542 1556/1556/1556 
f 1548/1548/1548 1547/1547/1547 1557/1557/1557 
f 1558/1558/1558 1557/1557/1557 1547/1547/1547 
f 1549/1549/1549 1548/1548/1548 1559/1559/1559 
f 1557/1557/1557 1559/1559/1559 1548/1548/1548 
f 1560/1560/1560 1561/1561/1561 1562/1562/1562 
f 1560/1560/1560 1562/1562/1562 1563/1563/1563 
f 1564/1564/1564 1561/1561/1561 1565/1565/1565 
f 1560/1560/1560 1565/1565/1565 1561/1561/1561 
f 1560/1560/1560 1566/1566/1566 1567/1567/1567 
f 1560/1560/1560 1567/1567/1567 1565/1565/1565 
f 1568/1568/1568 1569/1569/1569 1567/1567/1567 
f 1570/1570/1570 1568/1568/1568 1566/1566/1566 
f 1567/1567/1567 1566/1566/1566 1568/1568/1568 
f 1571/1571/1571 1572/1572/1572 1560/1560/1560 
f 1571/1571/1571 1560/1560/1560 1573/1573/1573 
f 1563/1563/1563 1573/1573/1573 1560/1560/1560 
f 1574/1574/1574 1575/1575/1575 1576/1576/1576 
f 1577/1577/1577 1576/1576/1576 1575/1575/1575 
f 1578/1578/1578 1576/1576/1576 1579/1579/1579 
f 1577/1577/1577 1579/1579/1579 1576/1576/1576 
f 1580/1580/1580 1567/1567/1567 1569/1569/1569 
f 1581/1581/1581 1572/1572/1572 1582/1582/1582 
f 1571/1571/1571 1582/1582/1582 1572/1572/1572 
f 1582/1582/1582 1571/1571/1571 1583/1583/1583 
f 1573/1573/1573 1583/1583/1583 1571/1571/1571 

